id,entity,amount,currency,payment_id,created_at,created_date,receipt,status,speed_requested,speed_processed,acquirer_utr,anomaly_type,duplicate_of_refund_id
rfnd_2024_H2_001,refund,1480000,INR,pay_2024_H2_00005,1734170400,2024-12-14,rcpt_2024_H2_rf_001,processed,normal,normal,UTR_2024_H2_RF_001,,
rfnd_2024_H2_002,refund,1480000,INR,pay_2024_H2_00005,1734357600,2024-12-16,rcpt_2024_H2_rf_002,processed,normal,normal,UTR_2024_H2_RF_002,duplicate_refund,rfnd_2024_H2_001
rfnd_2024_H2_003,refund,216800,INR,pay_2024_H2_09530,1730076215,2024-10-28,rcpt_2024_H2_rf_003,processed,normal,normal,UTR_2024_H2_RF_003,,
rfnd_2024_H2_004,refund,32900,INR,pay_2024_H2_17018,1735356466,2024-12-28,rcpt_2024_H2_rf_004,processed,normal,normal,UTR_2024_H2_RF_004,,
rfnd_2024_H2_005,refund,6959500,INR,pay_2024_H2_16586,1735689635,2025-01-01,rcpt_2024_H2_rf_005,processed,normal,normal,UTR_2024_H2_RF_005,,
rfnd_2024_H2_006,refund,861900,INR,pay_2024_H2_06288,1725960437,2024-09-10,rcpt_2024_H2_rf_006,processed,normal,normal,UTR_2024_H2_RF_006,,
rfnd_2024_H2_007,refund,285800,INR,pay_2024_H2_03391,1723044503,2024-08-07,rcpt_2024_H2_rf_007,processed,normal,normal,UTR_2024_H2_RF_007,,
rfnd_2024_H2_008,refund,601500,INR,pay_2024_H2_09762,1728823146,2024-10-13,rcpt_2024_H2_rf_008,processed,normal,normal,UTR_2024_H2_RF_008,,
rfnd_2024_H2_009,refund,781700,INR,pay_2024_H2_02859,1724857388,2024-08-28,rcpt_2024_H2_rf_009,processed,normal,normal,UTR_2024_H2_RF_009,,
rfnd_2024_H2_010,refund,1528100,INR,pay_2024_H2_05922,1727606903,2024-09-29,rcpt_2024_H2_rf_010,processed,normal,normal,UTR_2024_H2_RF_010,,
rfnd_2024_H2_011,refund,4038300,INR,pay_2024_H2_12777,1731567217,2024-11-14,rcpt_2024_H2_rf_011,processed,normal,normal,UTR_2024_H2_RF_011,,
rfnd_2024_H2_012,refund,2407800,INR,pay_2024_H2_04519,1727761861,2024-10-01,rcpt_2024_H2_rf_012,processed,normal,normal,UTR_2024_H2_RF_012,,
rfnd_2024_H2_013,refund,551500,INR,pay_2024_H2_15507,1734141250,2024-12-14,rcpt_2024_H2_rf_013,processed,normal,normal,UTR_2024_H2_RF_013,,
rfnd_2024_H2_014,refund,217500,INR,pay_2024_H2_04010,1723776047,2024-08-16,rcpt_2024_H2_rf_014,processed,normal,normal,UTR_2024_H2_RF_014,,
rfnd_2024_H2_015,refund,7188400,INR,pay_2024_H2_12310,1732688638,2024-11-27,rcpt_2024_H2_rf_015,processed,normal,normal,UTR_2024_H2_RF_015,,
rfnd_2024_H2_016,refund,182800,INR,pay_2024_H2_02991,1724428168,2024-08-23,rcpt_2024_H2_rf_016,processed,normal,normal,UTR_2024_H2_RF_016,,
rfnd_2024_H2_017,refund,3667800,INR,pay_2024_H2_13798,1730577866,2024-11-02,rcpt_2024_H2_rf_017,processed,normal,normal,UTR_2024_H2_RF_017,,
rfnd_2024_H2_018,refund,6952900,INR,pay_2024_H2_09627,1728951339,2024-10-15,rcpt_2024_H2_rf_018,processed,normal,normal,UTR_2024_H2_RF_018,,
rfnd_2024_H2_019,refund,174200,INR,pay_2024_H2_05367,1728031871,2024-10-04,rcpt_2024_H2_rf_019,processed,normal,normal,UTR_2024_H2_RF_019,,
rfnd_2024_H2_020,refund,1129500,INR,pay_2024_H2_09285,1728398393,2024-10-08,rcpt_2024_H2_rf_020,processed,normal,normal,UTR_2024_H2_RF_020,,
rfnd_2024_H2_021,refund,8984400,INR,pay_2024_H2_11621,1731513626,2024-11-13,rcpt_2024_H2_rf_021,processed,normal,normal,UTR_2024_H2_RF_021,,
rfnd_2024_H2_022,refund,634600,INR,pay_2024_H2_04211,1724975190,2024-08-29,rcpt_2024_H2_rf_022,processed,normal,normal,UTR_2024_H2_RF_022,,
rfnd_2024_H2_023,refund,214200,INR,pay_2024_H2_11225,1731647660,2024-11-15,rcpt_2024_H2_rf_023,processed,normal,normal,UTR_2024_H2_RF_023,,
rfnd_2024_H2_024,refund,417100,INR,pay_2024_H2_02912,1723690708,2024-08-15,rcpt_2024_H2_rf_024,processed,normal,normal,UTR_2024_H2_RF_024,,
rfnd_2024_H2_025,refund,1002200,INR,pay_2024_H2_14044,1730960893,2024-11-07,rcpt_2024_H2_rf_025,processed,normal,normal,UTR_2024_H2_RF_025,,
rfnd_2024_H2_026,refund,1484700,INR,pay_2024_H2_08306,1730066995,2024-10-27,rcpt_2024_H2_rf_026,processed,normal,normal,UTR_2024_H2_RF_026,,
rfnd_2024_H2_027,refund,466700,INR,pay_2024_H2_12587,1730780665,2024-11-05,rcpt_2024_H2_rf_027,processed,normal,normal,UTR_2024_H2_RF_027,,
rfnd_2024_H2_028,refund,850900,INR,pay_2024_H2_14021,1732761772,2024-11-28,rcpt_2024_H2_rf_028,processed,normal,normal,UTR_2024_H2_RF_028,,
rfnd_2024_H2_029,refund,2167500,INR,pay_2024_H2_10524,1728861790,2024-10-13,rcpt_2024_H2_rf_029,processed,normal,normal,UTR_2024_H2_RF_029,,
rfnd_2024_H2_030,refund,437300,INR,pay_2024_H2_11596,1732329703,2024-11-23,rcpt_2024_H2_rf_030,processed,normal,normal,UTR_2024_H2_RF_030,,
rfnd_2024_H2_031,refund,604900,INR,pay_2024_H2_16956,1736253431,2025-01-07,rcpt_2024_H2_rf_031,processed,normal,normal,UTR_2024_H2_RF_031,,
rfnd_2024_H2_032,refund,780400,INR,pay_2024_H2_04858,1726118850,2024-09-12,rcpt_2024_H2_rf_032,processed,normal,normal,UTR_2024_H2_RF_032,,
rfnd_2024_H2_033,refund,155900,INR,pay_2024_H2_15911,1735649619,2024-12-31,rcpt_2024_H2_rf_033,processed,normal,normal,UTR_2024_H2_RF_033,,
rfnd_2024_H2_034,refund,406300,INR,pay_2024_H2_08081,1729450294,2024-10-20,rcpt_2024_H2_rf_034,processed,normal,normal,UTR_2024_H2_RF_034,,
rfnd_2024_H2_035,refund,8995400,INR,pay_2024_H2_06577,1726582134,2024-09-17,rcpt_2024_H2_rf_035,processed,normal,normal,UTR_2024_H2_RF_035,,
rfnd_2024_H2_036,refund,1248600,INR,pay_2024_H2_02836,1722896242,2024-08-05,rcpt_2024_H2_rf_036,processed,normal,normal,UTR_2024_H2_RF_036,,
rfnd_2024_H2_037,refund,115600,INR,pay_2024_H2_12184,1733066422,2024-12-01,rcpt_2024_H2_rf_037,processed,normal,normal,UTR_2024_H2_RF_037,,
rfnd_2024_H2_038,refund,89700,INR,pay_2024_H2_12258,1731974131,2024-11-18,rcpt_2024_H2_rf_038,processed,normal,normal,UTR_2024_H2_RF_038,,
rfnd_2024_H2_039,refund,589700,INR,pay_2024_H2_15572,1734480110,2024-12-18,rcpt_2024_H2_rf_039,processed,normal,normal,UTR_2024_H2_RF_039,,
rfnd_2024_H2_040,refund,99000,INR,pay_2024_H2_06932,1727098323,2024-09-23,rcpt_2024_H2_rf_040,processed,normal,normal,UTR_2024_H2_RF_040,,
rfnd_2024_H2_041,refund,5112900,INR,pay_2024_H2_13604,1731988869,2024-11-19,rcpt_2024_H2_rf_041,processed,normal,normal,UTR_2024_H2_RF_041,,
rfnd_2024_H2_042,refund,7627800,INR,pay_2024_H2_03789,1723580637,2024-08-13,rcpt_2024_H2_rf_042,processed,normal,normal,UTR_2024_H2_RF_042,,
rfnd_2024_H2_043,refund,213200,INR,pay_2024_H2_07608,1729632677,2024-10-22,rcpt_2024_H2_rf_043,processed,normal,normal,UTR_2024_H2_RF_043,,
rfnd_2024_H2_044,refund,885500,INR,pay_2024_H2_03808,1726316527,2024-09-14,rcpt_2024_H2_rf_044,processed,normal,normal,UTR_2024_H2_RF_044,,
rfnd_2024_H2_045,refund,4650300,INR,pay_2024_H2_09921,1731147327,2024-11-09,rcpt_2024_H2_rf_045,processed,normal,normal,UTR_2024_H2_RF_045,,
rfnd_2024_H2_046,refund,1885100,INR,pay_2024_H2_16838,1734502767,2024-12-18,rcpt_2024_H2_rf_046,processed,normal,normal,UTR_2024_H2_RF_046,,
rfnd_2024_H2_047,refund,1472800,INR,pay_2024_H2_14279,1733549509,2024-12-07,rcpt_2024_H2_rf_047,processed,normal,normal,UTR_2024_H2_RF_047,,
rfnd_2024_H2_048,refund,185300,INR,pay_2024_H2_04842,1725402445,2024-09-03,rcpt_2024_H2_rf_048,processed,normal,normal,UTR_2024_H2_RF_048,,
rfnd_2024_H2_049,refund,419100,INR,pay_2024_H2_07572,1730381057,2024-10-31,rcpt_2024_H2_rf_049,processed,normal,normal,UTR_2024_H2_RF_049,,
rfnd_2024_H2_050,refund,631800,INR,pay_2024_H2_08961,1730402747,2024-10-31,rcpt_2024_H2_rf_050,processed,normal,normal,UTR_2024_H2_RF_050,,
rfnd_2024_H2_051,refund,1438400,INR,pay_2024_H2_15039,1734763045,2024-12-21,rcpt_2024_H2_rf_051,processed,normal,normal,UTR_2024_H2_RF_051,,
rfnd_2024_H2_052,refund,449900,INR,pay_2024_H2_17019,1733814339,2024-12-10,rcpt_2024_H2_rf_052,processed,normal,normal,UTR_2024_H2_RF_052,,
rfnd_2024_H2_053,refund,688100,INR,pay_2024_H2_08687,1729370433,2024-10-19,rcpt_2024_H2_rf_053,processed,normal,normal,UTR_2024_H2_RF_053,,
rfnd_2024_H2_054,refund,8892200,INR,pay_2024_H2_06238,1727744225,2024-10-01,rcpt_2024_H2_rf_054,processed,normal,normal,UTR_2024_H2_RF_054,,
rfnd_2024_H2_055,refund,11396600,INR,pay_2024_H2_14880,1735139270,2024-12-25,rcpt_2024_H2_rf_055,processed,normal,normal,UTR_2024_H2_RF_055,,
rfnd_2024_H2_056,refund,1541100,INR,pay_2024_H2_15402,1734500239,2024-12-18,rcpt_2024_H2_rf_056,processed,normal,normal,UTR_2024_H2_RF_056,,
rfnd_2024_H2_057,refund,125300,INR,pay_2024_H2_15602,1734023771,2024-12-12,rcpt_2024_H2_rf_057,processed,normal,normal,UTR_2024_H2_RF_057,,
rfnd_2024_H2_058,refund,105600,INR,pay_2024_H2_06531,1727360217,2024-09-26,rcpt_2024_H2_rf_058,processed,normal,normal,UTR_2024_H2_RF_058,,
rfnd_2024_H2_059,refund,140000,INR,pay_2024_H2_12313,1733118889,2024-12-02,rcpt_2024_H2_rf_059,processed,normal,normal,UTR_2024_H2_RF_059,,
rfnd_2024_H2_060,refund,367200,INR,pay_2024_H2_12506,1733265847,2024-12-03,rcpt_2024_H2_rf_060,processed,normal,normal,UTR_2024_H2_RF_060,,
rfnd_2024_H2_061,refund,128500,INR,pay_2024_H2_09094,1728414737,2024-10-08,rcpt_2024_H2_rf_061,processed,normal,normal,UTR_2024_H2_RF_061,,
rfnd_2024_H2_062,refund,389700,INR,pay_2024_H2_15536,1734686759,2024-12-20,rcpt_2024_H2_rf_062,processed,normal,normal,UTR_2024_H2_RF_062,,
rfnd_2024_H2_063,refund,1834300,INR,pay_2024_H2_09251,1728665790,2024-10-11,rcpt_2024_H2_rf_063,processed,normal,normal,UTR_2024_H2_RF_063,,
rfnd_2024_H2_064,refund,145800,INR,pay_2024_H2_11908,1733293329,2024-12-04,rcpt_2024_H2_rf_064,processed,normal,normal,UTR_2024_H2_RF_064,,
rfnd_2024_H2_065,refund,1264000,INR,pay_2024_H2_13796,1732366756,2024-11-23,rcpt_2024_H2_rf_065,processed,normal,normal,UTR_2024_H2_RF_065,,
rfnd_2024_H2_066,refund,463100,INR,pay_2024_H2_05845,1726059353,2024-09-11,rcpt_2024_H2_rf_066,processed,normal,normal,UTR_2024_H2_RF_066,,
rfnd_2024_H2_067,refund,994400,INR,pay_2024_H2_05256,1726468575,2024-09-16,rcpt_2024_H2_rf_067,processed,normal,normal,UTR_2024_H2_RF_067,,
rfnd_2024_H2_068,refund,7719900,INR,pay_2024_H2_14302,1732346888,2024-11-23,rcpt_2024_H2_rf_068,processed,normal,normal,UTR_2024_H2_RF_068,,
rfnd_2024_H2_069,refund,175300,INR,pay_2024_H2_05092,1728458924,2024-10-09,rcpt_2024_H2_rf_069,processed,normal,normal,UTR_2024_H2_RF_069,,
rfnd_2024_H2_070,refund,1673100,INR,pay_2024_H2_07178,1727446388,2024-09-27,rcpt_2024_H2_rf_070,processed,normal,normal,UTR_2024_H2_RF_070,,
rfnd_2024_H2_071,refund,614800,INR,pay_2024_H2_09608,1730376715,2024-10-31,rcpt_2024_H2_rf_071,processed,normal,normal,UTR_2024_H2_RF_071,,
rfnd_2024_H2_072,refund,1687900,INR,pay_2024_H2_09281,1729758409,2024-10-24,rcpt_2024_H2_rf_072,processed,normal,normal,UTR_2024_H2_RF_072,,
rfnd_2024_H2_073,refund,984400,INR,pay_2024_H2_11983,1733433960,2024-12-05,rcpt_2024_H2_rf_073,processed,normal,normal,UTR_2024_H2_RF_073,,
rfnd_2024_H2_074,refund,246500,INR,pay_2024_H2_15296,1734928859,2024-12-23,rcpt_2024_H2_rf_074,processed,normal,normal,UTR_2024_H2_RF_074,,
rfnd_2024_H2_075,refund,170000,INR,pay_2024_H2_13374,1733258122,2024-12-03,rcpt_2024_H2_rf_075,processed,normal,normal,UTR_2024_H2_RF_075,,
rfnd_2024_H2_076,refund,3646500,INR,pay_2024_H2_15241,1734541098,2024-12-18,rcpt_2024_H2_rf_076,processed,normal,normal,UTR_2024_H2_RF_076,,
rfnd_2024_H2_077,refund,15747000,INR,pay_2024_H2_16760,1734225153,2024-12-15,rcpt_2024_H2_rf_077,processed,normal,normal,UTR_2024_H2_RF_077,,
rfnd_2024_H2_078,refund,812500,INR,pay_2024_H2_11818,1732342618,2024-11-23,rcpt_2024_H2_rf_078,processed,normal,normal,UTR_2024_H2_RF_078,,
rfnd_2024_H2_079,refund,14369200,INR,pay_2024_H2_15743,1735374561,2024-12-28,rcpt_2024_H2_rf_079,processed,normal,normal,UTR_2024_H2_RF_079,,
rfnd_2024_H2_080,refund,2014700,INR,pay_2024_H2_08812,1728787616,2024-10-13,rcpt_2024_H2_rf_080,processed,normal,normal,UTR_2024_H2_RF_080,,
rfnd_2024_H2_081,refund,1764700,INR,pay_2024_H2_08087,1731486296,2024-11-13,rcpt_2024_H2_rf_081,processed,normal,normal,UTR_2024_H2_RF_081,,
rfnd_2024_H2_082,refund,163100,INR,pay_2024_H2_03961,1724975463,2024-08-29,rcpt_2024_H2_rf_082,processed,normal,normal,UTR_2024_H2_RF_082,,
rfnd_2024_H2_083,refund,1205800,INR,pay_2024_H2_15457,1735454886,2024-12-29,rcpt_2024_H2_rf_083,processed,normal,normal,UTR_2024_H2_RF_083,,
rfnd_2024_H2_084,refund,281300,INR,pay_2024_H2_14657,1733146490,2024-12-02,rcpt_2024_H2_rf_084,processed,normal,normal,UTR_2024_H2_RF_084,,
rfnd_2024_H2_085,refund,126200,INR,pay_2024_H2_08963,1730078410,2024-10-28,rcpt_2024_H2_rf_085,processed,normal,normal,UTR_2024_H2_RF_085,,
rfnd_2024_H2_086,refund,9957500,INR,pay_2024_H2_16142,1734962118,2024-12-23,rcpt_2024_H2_rf_086,processed,normal,normal,UTR_2024_H2_RF_086,,
rfnd_2024_H2_087,refund,158400,INR,pay_2024_H2_04981,1725862027,2024-09-09,rcpt_2024_H2_rf_087,processed,normal,normal,UTR_2024_H2_RF_087,,
rfnd_2024_H2_088,refund,77900,INR,pay_2024_H2_11275,1730904024,2024-11-06,rcpt_2024_H2_rf_088,processed,normal,normal,UTR_2024_H2_RF_088,,
rfnd_2024_H2_089,refund,138100,INR,pay_2024_H2_14561,1731683400,2024-11-15,rcpt_2024_H2_rf_089,processed,normal,normal,UTR_2024_H2_RF_089,,
rfnd_2024_H2_090,refund,131700,INR,pay_2024_H2_08551,1729895531,2024-10-25,rcpt_2024_H2_rf_090,processed,normal,normal,UTR_2024_H2_RF_090,,
rfnd_2024_H2_091,refund,197800,INR,pay_2024_H2_13603,1731118160,2024-11-09,rcpt_2024_H2_rf_091,processed,normal,normal,UTR_2024_H2_RF_091,,
rfnd_2024_H2_092,refund,851800,INR,pay_2024_H2_04575,1726162955,2024-09-12,rcpt_2024_H2_rf_092,processed,normal,normal,UTR_2024_H2_RF_092,,
rfnd_2024_H2_093,refund,281800,INR,pay_2024_H2_07714,1730865903,2024-11-06,rcpt_2024_H2_rf_093,processed,normal,normal,UTR_2024_H2_RF_093,,
rfnd_2024_H2_094,refund,441300,INR,pay_2024_H2_10930,1731391500,2024-11-12,rcpt_2024_H2_rf_094,processed,normal,normal,UTR_2024_H2_RF_094,,
rfnd_2024_H2_095,refund,14371600,INR,pay_2024_H2_05480,1725968269,2024-09-10,rcpt_2024_H2_rf_095,processed,normal,normal,UTR_2024_H2_RF_095,,
rfnd_2024_H2_096,refund,305600,INR,pay_2024_H2_09175,1731186227,2024-11-09,rcpt_2024_H2_rf_096,processed,normal,normal,UTR_2024_H2_RF_096,,
rfnd_2024_H2_097,refund,770000,INR,pay_2024_H2_09091,1729679245,2024-10-23,rcpt_2024_H2_rf_097,processed,normal,normal,UTR_2024_H2_RF_097,,
rfnd_2024_H2_098,refund,562700,INR,pay_2024_H2_02869,1723670803,2024-08-14,rcpt_2024_H2_rf_098,processed,normal,normal,UTR_2024_H2_RF_098,,
rfnd_2024_H2_099,refund,4777900,INR,pay_2024_H2_13827,1733450257,2024-12-06,rcpt_2024_H2_rf_099,processed,normal,normal,UTR_2024_H2_RF_099,,
rfnd_2024_H2_100,refund,102800,INR,pay_2024_H2_02783,1724388720,2024-08-23,rcpt_2024_H2_rf_100,processed,normal,normal,UTR_2024_H2_RF_100,,
rfnd_2024_H2_101,refund,2967700,INR,pay_2024_H2_04124,1724186886,2024-08-20,rcpt_2024_H2_rf_101,processed,normal,normal,UTR_2024_H2_RF_101,,
rfnd_2024_H2_102,refund,381200,INR,pay_2024_H2_04650,1726140252,2024-09-12,rcpt_2024_H2_rf_102,processed,normal,normal,UTR_2024_H2_RF_102,,
rfnd_2024_H2_103,refund,1164000,INR,pay_2024_H2_06743,1727618975,2024-09-29,rcpt_2024_H2_rf_103,processed,normal,normal,UTR_2024_H2_RF_103,,
rfnd_2024_H2_104,refund,225900,INR,pay_2024_H2_10424,1730044859,2024-10-27,rcpt_2024_H2_rf_104,processed,normal,normal,UTR_2024_H2_RF_104,,
rfnd_2024_H2_105,refund,4245400,INR,pay_2024_H2_11905,1733120740,2024-12-02,rcpt_2024_H2_rf_105,processed,normal,normal,UTR_2024_H2_RF_105,,
rfnd_2024_H2_106,refund,1553500,INR,pay_2024_H2_15479,1733831339,2024-12-10,rcpt_2024_H2_rf_106,processed,normal,normal,UTR_2024_H2_RF_106,,
rfnd_2024_H2_107,refund,1248200,INR,pay_2024_H2_07854,1730986502,2024-11-07,rcpt_2024_H2_rf_107,processed,normal,normal,UTR_2024_H2_RF_107,,
rfnd_2024_H2_108,refund,1906600,INR,pay_2024_H2_08898,1729574220,2024-10-22,rcpt_2024_H2_rf_108,processed,normal,normal,UTR_2024_H2_RF_108,,
rfnd_2024_H2_109,refund,932300,INR,pay_2024_H2_04390,1723414035,2024-08-11,rcpt_2024_H2_rf_109,processed,normal,normal,UTR_2024_H2_RF_109,,
rfnd_2024_H2_110,refund,8330000,INR,pay_2024_H2_08681,1730634729,2024-11-03,rcpt_2024_H2_rf_110,processed,normal,normal,UTR_2024_H2_RF_110,,
rfnd_2024_H2_111,refund,2671600,INR,pay_2024_H2_12750,1730837432,2024-11-05,rcpt_2024_H2_rf_111,processed,normal,normal,UTR_2024_H2_RF_111,,
rfnd_2024_H2_112,refund,270400,INR,pay_2024_H2_14622,1732072318,2024-11-20,rcpt_2024_H2_rf_112,processed,normal,normal,UTR_2024_H2_RF_112,,
rfnd_2024_H2_113,refund,188800,INR,pay_2024_H2_04910,1726647980,2024-09-18,rcpt_2024_H2_rf_113,processed,normal,normal,UTR_2024_H2_RF_113,,
rfnd_2024_H2_114,refund,149800,INR,pay_2024_H2_07363,1729515264,2024-10-21,rcpt_2024_H2_rf_114,processed,normal,normal,UTR_2024_H2_RF_114,,
rfnd_2024_H2_115,refund,254400,INR,pay_2024_H2_05753,1727399244,2024-09-27,rcpt_2024_H2_rf_115,processed,normal,normal,UTR_2024_H2_RF_115,,
rfnd_2024_H2_116,refund,950900,INR,pay_2024_H2_14246,1731585530,2024-11-14,rcpt_2024_H2_rf_116,processed,normal,normal,UTR_2024_H2_RF_116,,
rfnd_2024_H2_117,refund,185500,INR,pay_2024_H2_10335,1728361167,2024-10-08,rcpt_2024_H2_rf_117,processed,normal,normal,UTR_2024_H2_RF_117,,
rfnd_2024_H2_118,refund,266000,INR,pay_2024_H2_06214,1728033775,2024-10-04,rcpt_2024_H2_rf_118,processed,normal,normal,UTR_2024_H2_RF_118,,
rfnd_2024_H2_119,refund,4130000,INR,pay_2024_H2_14535,1732475010,2024-11-24,rcpt_2024_H2_rf_119,processed,normal,normal,UTR_2024_H2_RF_119,,
rfnd_2024_H2_120,refund,416100,INR,pay_2024_H2_15770,1736269253,2025-01-07,rcpt_2024_H2_rf_120,processed,normal,normal,UTR_2024_H2_RF_120,,
rfnd_2024_H2_121,refund,110800,INR,pay_2024_H2_13012,1731012151,2024-11-07,rcpt_2024_H2_rf_121,processed,normal,normal,UTR_2024_H2_RF_121,,
rfnd_2024_H2_122,refund,2481000,INR,pay_2024_H2_16162,1734877420,2024-12-22,rcpt_2024_H2_rf_122,processed,normal,normal,UTR_2024_H2_RF_122,,
rfnd_2024_H2_123,refund,2788400,INR,pay_2024_H2_05199,1726983039,2024-09-22,rcpt_2024_H2_rf_123,processed,normal,normal,UTR_2024_H2_RF_123,,
rfnd_2024_H2_124,refund,77500,INR,pay_2024_H2_02706,1725129537,2024-08-31,rcpt_2024_H2_rf_124,processed,normal,normal,UTR_2024_H2_RF_124,,
rfnd_2024_H2_125,refund,4367800,INR,pay_2024_H2_17106,1733952662,2024-12-11,rcpt_2024_H2_rf_125,processed,normal,normal,UTR_2024_H2_RF_125,,
rfnd_2024_H2_126,refund,688800,INR,pay_2024_H2_09062,1730989875,2024-11-07,rcpt_2024_H2_rf_126,processed,normal,normal,UTR_2024_H2_RF_126,,
rfnd_2024_H2_127,refund,161800,INR,pay_2024_H2_05504,1725715833,2024-09-07,rcpt_2024_H2_rf_127,processed,normal,normal,UTR_2024_H2_RF_127,,
rfnd_2024_H2_128,refund,1397600,INR,pay_2024_H2_10920,1728204728,2024-10-06,rcpt_2024_H2_rf_128,processed,normal,normal,UTR_2024_H2_RF_128,,
rfnd_2024_H2_129,refund,1120200,INR,pay_2024_H2_06995,1726471411,2024-09-16,rcpt_2024_H2_rf_129,processed,normal,normal,UTR_2024_H2_RF_129,,
rfnd_2024_H2_130,refund,58800,INR,pay_2024_H2_11462,1732625972,2024-11-26,rcpt_2024_H2_rf_130,processed,normal,normal,UTR_2024_H2_RF_130,,
rfnd_2024_H2_131,refund,236300,INR,pay_2024_H2_08344,1730222294,2024-10-29,rcpt_2024_H2_rf_131,processed,normal,normal,UTR_2024_H2_RF_131,,
rfnd_2024_H2_132,refund,3403900,INR,pay_2024_H2_03261,1723512315,2024-08-13,rcpt_2024_H2_rf_132,processed,normal,normal,UTR_2024_H2_RF_132,,
rfnd_2024_H2_133,refund,124700,INR,pay_2024_H2_07163,1727639937,2024-09-29,rcpt_2024_H2_rf_133,processed,normal,normal,UTR_2024_H2_RF_133,,
rfnd_2024_H2_134,refund,95600,INR,pay_2024_H2_07887,1728935916,2024-10-14,rcpt_2024_H2_rf_134,processed,normal,normal,UTR_2024_H2_RF_134,,
rfnd_2024_H2_135,refund,3509200,INR,pay_2024_H2_13671,1732775213,2024-11-28,rcpt_2024_H2_rf_135,processed,normal,normal,UTR_2024_H2_RF_135,,
rfnd_2024_H2_136,refund,1330800,INR,pay_2024_H2_08411,1731085849,2024-11-08,rcpt_2024_H2_rf_136,processed,normal,normal,UTR_2024_H2_RF_136,,
rfnd_2024_H2_137,refund,340800,INR,pay_2024_H2_12463,1732418014,2024-11-24,rcpt_2024_H2_rf_137,processed,normal,normal,UTR_2024_H2_RF_137,,
rfnd_2024_H2_138,refund,12494600,INR,pay_2024_H2_15452,1734832629,2024-12-22,rcpt_2024_H2_rf_138,processed,normal,normal,UTR_2024_H2_RF_138,,
rfnd_2024_H2_139,refund,137300,INR,pay_2024_H2_11531,1732436019,2024-11-24,rcpt_2024_H2_rf_139,processed,normal,normal,UTR_2024_H2_RF_139,,
rfnd_2024_H2_140,refund,83300,INR,pay_2024_H2_05249,1726425156,2024-09-15,rcpt_2024_H2_rf_140,processed,normal,normal,UTR_2024_H2_RF_140,,
rfnd_2024_H2_141,refund,2566900,INR,pay_2024_H2_04994,1727509129,2024-09-28,rcpt_2024_H2_rf_141,processed,normal,normal,UTR_2024_H2_RF_141,,
rfnd_2024_H2_142,refund,803300,INR,pay_2024_H2_14609,1733135255,2024-12-02,rcpt_2024_H2_rf_142,processed,normal,normal,UTR_2024_H2_RF_142,,
rfnd_2024_H2_143,refund,201600,INR,pay_2024_H2_02489,1723024362,2024-08-07,rcpt_2024_H2_rf_143,processed,normal,normal,UTR_2024_H2_RF_143,,
rfnd_2024_H2_144,refund,194300,INR,pay_2024_H2_08455,1729031781,2024-10-15,rcpt_2024_H2_rf_144,processed,normal,normal,UTR_2024_H2_RF_144,,
rfnd_2024_H2_145,refund,335000,INR,pay_2024_H2_17146,1736274320,2025-01-07,rcpt_2024_H2_rf_145,processed,normal,normal,UTR_2024_H2_RF_145,,
rfnd_2024_H2_146,refund,785200,INR,pay_2024_H2_03840,1725596295,2024-09-06,rcpt_2024_H2_rf_146,processed,normal,normal,UTR_2024_H2_RF_146,,
rfnd_2024_H2_147,refund,395800,INR,pay_2024_H2_15480,1734826117,2024-12-22,rcpt_2024_H2_rf_147,processed,normal,normal,UTR_2024_H2_RF_147,,
rfnd_2024_H2_148,refund,1379200,INR,pay_2024_H2_11386,1733474945,2024-12-06,rcpt_2024_H2_rf_148,processed,normal,normal,UTR_2024_H2_RF_148,,
rfnd_2024_H2_149,refund,12890400,INR,pay_2024_H2_02861,1724795583,2024-08-27,rcpt_2024_H2_rf_149,processed,normal,normal,UTR_2024_H2_RF_149,,
rfnd_2024_H2_150,refund,83900,INR,pay_2024_H2_13227,1732459806,2024-11-24,rcpt_2024_H2_rf_150,processed,normal,normal,UTR_2024_H2_RF_150,,
rfnd_2024_H2_151,refund,364500,INR,pay_2024_H2_04741,1726313648,2024-09-14,rcpt_2024_H2_rf_151,processed,normal,normal,UTR_2024_H2_RF_151,,
rfnd_2024_H2_152,refund,238800,INR,pay_2024_H2_16000,1734198683,2024-12-14,rcpt_2024_H2_rf_152,processed,normal,normal,UTR_2024_H2_RF_152,,
rfnd_2024_H2_153,refund,486600,INR,pay_2024_H2_05702,1726385165,2024-09-15,rcpt_2024_H2_rf_153,processed,normal,normal,UTR_2024_H2_RF_153,,
rfnd_2024_H2_154,refund,2920400,INR,pay_2024_H2_07087,1726961611,2024-09-21,rcpt_2024_H2_rf_154,processed,normal,normal,UTR_2024_H2_RF_154,,
rfnd_2024_H2_155,refund,193400,INR,pay_2024_H2_04392,1723063367,2024-08-07,rcpt_2024_H2_rf_155,processed,normal,normal,UTR_2024_H2_RF_155,,
rfnd_2024_H2_156,refund,171400,INR,pay_2024_H2_10773,1730936414,2024-11-06,rcpt_2024_H2_rf_156,processed,normal,normal,UTR_2024_H2_RF_156,,
rfnd_2024_H2_157,refund,6287500,INR,pay_2024_H2_15947,1734933759,2024-12-23,rcpt_2024_H2_rf_157,processed,normal,normal,UTR_2024_H2_RF_157,,
rfnd_2024_H2_158,refund,395800,INR,pay_2024_H2_04088,1724965553,2024-08-29,rcpt_2024_H2_rf_158,processed,normal,normal,UTR_2024_H2_RF_158,,
rfnd_2024_H2_159,refund,85100,INR,pay_2024_H2_12818,1731727828,2024-11-16,rcpt_2024_H2_rf_159,processed,normal,normal,UTR_2024_H2_RF_159,,
rfnd_2024_H2_160,refund,243700,INR,pay_2024_H2_16383,1735635547,2024-12-31,rcpt_2024_H2_rf_160,processed,normal,normal,UTR_2024_H2_RF_160,,
rfnd_2024_H2_161,refund,606500,INR,pay_2024_H2_13025,1731337089,2024-11-11,rcpt_2024_H2_rf_161,processed,normal,normal,UTR_2024_H2_RF_161,,
rfnd_2024_H2_162,refund,391000,INR,pay_2024_H2_13890,1733069697,2024-12-01,rcpt_2024_H2_rf_162,processed,normal,normal,UTR_2024_H2_RF_162,,
rfnd_2024_H2_163,refund,889700,INR,pay_2024_H2_06476,1728149260,2024-10-05,rcpt_2024_H2_rf_163,processed,normal,normal,UTR_2024_H2_RF_163,,
rfnd_2024_H2_164,refund,735500,INR,pay_2024_H2_10316,1729439139,2024-10-20,rcpt_2024_H2_rf_164,processed,normal,normal,UTR_2024_H2_RF_164,,
rfnd_2024_H2_165,refund,4131900,INR,pay_2024_H2_02779,1724460461,2024-08-24,rcpt_2024_H2_rf_165,processed,normal,normal,UTR_2024_H2_RF_165,,
rfnd_2024_H2_166,refund,429600,INR,pay_2024_H2_08702,1729152092,2024-10-17,rcpt_2024_H2_rf_166,processed,normal,normal,UTR_2024_H2_RF_166,,
rfnd_2024_H2_167,refund,2000200,INR,pay_2024_H2_07401,1728822303,2024-10-13,rcpt_2024_H2_rf_167,processed,normal,normal,UTR_2024_H2_RF_167,,
rfnd_2024_H2_168,refund,1178600,INR,pay_2024_H2_09824,1729372388,2024-10-19,rcpt_2024_H2_rf_168,processed,normal,normal,UTR_2024_H2_RF_168,,
rfnd_2024_H2_169,refund,385000,INR,pay_2024_H2_11254,1733682230,2024-12-08,rcpt_2024_H2_rf_169,processed,normal,normal,UTR_2024_H2_RF_169,,
rfnd_2024_H2_170,refund,13917400,INR,pay_2024_H2_13616,1733334352,2024-12-04,rcpt_2024_H2_rf_170,processed,normal,normal,UTR_2024_H2_RF_170,,
rfnd_2024_H2_171,refund,311200,INR,pay_2024_H2_15264,1735209301,2024-12-26,rcpt_2024_H2_rf_171,processed,normal,normal,UTR_2024_H2_RF_171,,
rfnd_2024_H2_172,refund,3443800,INR,pay_2024_H2_11454,1732418516,2024-11-24,rcpt_2024_H2_rf_172,processed,normal,normal,UTR_2024_H2_RF_172,,
rfnd_2024_H2_173,refund,124000,INR,pay_2024_H2_02824,1723865832,2024-08-17,rcpt_2024_H2_rf_173,processed,normal,normal,UTR_2024_H2_RF_173,,
rfnd_2024_H2_174,refund,844100,INR,pay_2024_H2_04197,1723419468,2024-08-11,rcpt_2024_H2_rf_174,processed,normal,normal,UTR_2024_H2_RF_174,,
rfnd_2024_H2_175,refund,627000,INR,pay_2024_H2_08759,1729862994,2024-10-25,rcpt_2024_H2_rf_175,processed,normal,normal,UTR_2024_H2_RF_175,,
rfnd_2024_H2_176,refund,2861300,INR,pay_2024_H2_07217,1725860137,2024-09-09,rcpt_2024_H2_rf_176,processed,normal,normal,UTR_2024_H2_RF_176,,
rfnd_2024_H2_177,refund,1883000,INR,pay_2024_H2_04618,1727652704,2024-09-29,rcpt_2024_H2_rf_177,processed,normal,normal,UTR_2024_H2_RF_177,,
rfnd_2024_H2_178,refund,264100,INR,pay_2024_H2_10113,1730148069,2024-10-28,rcpt_2024_H2_rf_178,processed,normal,normal,UTR_2024_H2_RF_178,,
rfnd_2024_H2_179,refund,331400,INR,pay_2024_H2_10828,1729318785,2024-10-19,rcpt_2024_H2_rf_179,processed,normal,normal,UTR_2024_H2_RF_179,,
rfnd_2024_H2_180,refund,1300100,INR,pay_2024_H2_09910,1728923515,2024-10-14,rcpt_2024_H2_rf_180,processed,normal,normal,UTR_2024_H2_RF_180,,
rfnd_2024_H2_181,refund,176300,INR,pay_2024_H2_15567,1735481417,2024-12-29,rcpt_2024_H2_rf_181,processed,normal,normal,UTR_2024_H2_RF_181,,
rfnd_2024_H2_182,refund,86700,INR,pay_2024_H2_12077,1732313675,2024-11-22,rcpt_2024_H2_rf_182,processed,normal,normal,UTR_2024_H2_RF_182,,
rfnd_2024_H2_183,refund,990300,INR,pay_2024_H2_04274,1722962226,2024-08-06,rcpt_2024_H2_rf_183,processed,normal,normal,UTR_2024_H2_RF_183,,
rfnd_2024_H2_184,refund,188100,INR,pay_2024_H2_12429,1731639284,2024-11-15,rcpt_2024_H2_rf_184,processed,normal,normal,UTR_2024_H2_RF_184,,
rfnd_2024_H2_185,refund,6500600,INR,pay_2024_H2_11185,1733455557,2024-12-06,rcpt_2024_H2_rf_185,processed,normal,normal,UTR_2024_H2_RF_185,,
rfnd_2024_H2_186,refund,655700,INR,pay_2024_H2_17072,1734699681,2024-12-20,rcpt_2024_H2_rf_186,processed,normal,normal,UTR_2024_H2_RF_186,,
rfnd_2024_H2_187,refund,451400,INR,pay_2024_H2_04004,1724015714,2024-08-18,rcpt_2024_H2_rf_187,processed,normal,normal,UTR_2024_H2_RF_187,,
rfnd_2024_H2_188,refund,410900,INR,pay_2024_H2_09823,1729217450,2024-10-18,rcpt_2024_H2_rf_188,processed,normal,normal,UTR_2024_H2_RF_188,,
rfnd_2024_H2_189,refund,3362400,INR,pay_2024_H2_13724,1731707398,2024-11-15,rcpt_2024_H2_rf_189,processed,normal,normal,UTR_2024_H2_RF_189,,
rfnd_2024_H2_190,refund,451800,INR,pay_2024_H2_11494,1732174037,2024-11-21,rcpt_2024_H2_rf_190,processed,normal,normal,UTR_2024_H2_RF_190,,
rfnd_2024_H2_191,refund,391100,INR,pay_2024_H2_02313,1724778107,2024-08-27,rcpt_2024_H2_rf_191,processed,normal,normal,UTR_2024_H2_RF_191,,
rfnd_2024_H2_192,refund,1281500,INR,pay_2024_H2_12694,1732963937,2024-11-30,rcpt_2024_H2_rf_192,processed,normal,normal,UTR_2024_H2_RF_192,,
rfnd_2024_H2_193,refund,1472900,INR,pay_2024_H2_04533,1725967507,2024-09-10,rcpt_2024_H2_rf_193,processed,normal,normal,UTR_2024_H2_RF_193,,
rfnd_2024_H2_194,refund,591700,INR,pay_2024_H2_14976,1735418239,2024-12-28,rcpt_2024_H2_rf_194,processed,normal,normal,UTR_2024_H2_RF_194,,
rfnd_2024_H2_195,refund,880000,INR,pay_2024_H2_10349,1729534424,2024-10-21,rcpt_2024_H2_rf_195,processed,normal,normal,UTR_2024_H2_RF_195,,
rfnd_2024_H2_196,refund,2991200,INR,pay_2024_H2_14753,1732043583,2024-11-19,rcpt_2024_H2_rf_196,processed,normal,normal,UTR_2024_H2_RF_196,,
rfnd_2024_H2_197,refund,1553900,INR,pay_2024_H2_16360,1735476505,2024-12-29,rcpt_2024_H2_rf_197,processed,normal,normal,UTR_2024_H2_RF_197,,
rfnd_2024_H2_198,refund,1042000,INR,pay_2024_H2_05598,1725989295,2024-09-10,rcpt_2024_H2_rf_198,processed,normal,normal,UTR_2024_H2_RF_198,,
rfnd_2024_H2_199,refund,1153000,INR,pay_2024_H2_13101,1731302402,2024-11-11,rcpt_2024_H2_rf_199,processed,normal,normal,UTR_2024_H2_RF_199,,
rfnd_2024_H2_200,refund,3065600,INR,pay_2024_H2_12995,1733757593,2024-12-09,rcpt_2024_H2_rf_200,processed,normal,normal,UTR_2024_H2_RF_200,,
rfnd_2024_H2_201,refund,83300,INR,pay_2024_H2_14005,1732453717,2024-11-24,rcpt_2024_H2_rf_201,processed,normal,normal,UTR_2024_H2_RF_201,,
rfnd_2024_H2_202,refund,1743000,INR,pay_2024_H2_06255,1726931936,2024-09-21,rcpt_2024_H2_rf_202,processed,normal,normal,UTR_2024_H2_RF_202,,
rfnd_2024_H2_203,refund,5331100,INR,pay_2024_H2_14492,1731004376,2024-11-07,rcpt_2024_H2_rf_203,processed,normal,normal,UTR_2024_H2_RF_203,,
rfnd_2024_H2_204,refund,416100,INR,pay_2024_H2_12839,1731622705,2024-11-14,rcpt_2024_H2_rf_204,processed,normal,normal,UTR_2024_H2_RF_204,,
rfnd_2024_H2_205,refund,2498100,INR,pay_2024_H2_08505,1729706573,2024-10-23,rcpt_2024_H2_rf_205,processed,normal,normal,UTR_2024_H2_RF_205,,
rfnd_2024_H2_206,refund,10636900,INR,pay_2024_H2_15414,1734402887,2024-12-17,rcpt_2024_H2_rf_206,processed,normal,normal,UTR_2024_H2_RF_206,,
rfnd_2024_H2_207,refund,342300,INR,pay_2024_H2_03665,1724252309,2024-08-21,rcpt_2024_H2_rf_207,processed,normal,normal,UTR_2024_H2_RF_207,,
rfnd_2024_H2_208,refund,4302100,INR,pay_2024_H2_08482,1729604674,2024-10-22,rcpt_2024_H2_rf_208,processed,normal,normal,UTR_2024_H2_RF_208,,
rfnd_2024_H2_209,refund,93100,INR,pay_2024_H2_05511,1726124092,2024-09-12,rcpt_2024_H2_rf_209,processed,normal,normal,UTR_2024_H2_RF_209,,
rfnd_2024_H2_210,refund,466900,INR,pay_2024_H2_04745,1725369800,2024-09-03,rcpt_2024_H2_rf_210,processed,normal,normal,UTR_2024_H2_RF_210,,
rfnd_2024_H2_211,refund,6578500,INR,pay_2024_H2_16377,1734251903,2024-12-15,rcpt_2024_H2_rf_211,processed,normal,normal,UTR_2024_H2_RF_211,,
rfnd_2024_H2_212,refund,931500,INR,pay_2024_H2_05527,1726239803,2024-09-13,rcpt_2024_H2_rf_212,processed,normal,normal,UTR_2024_H2_RF_212,,
rfnd_2024_H2_213,refund,178800,INR,pay_2024_H2_11131,1732399544,2024-11-23,rcpt_2024_H2_rf_213,processed,normal,normal,UTR_2024_H2_RF_213,,
rfnd_2024_H2_214,refund,2929200,INR,pay_2024_H2_03385,1724177814,2024-08-20,rcpt_2024_H2_rf_214,processed,normal,normal,UTR_2024_H2_RF_214,,
rfnd_2024_H2_215,refund,1023800,INR,pay_2024_H2_06208,1725957143,2024-09-10,rcpt_2024_H2_rf_215,processed,normal,normal,UTR_2024_H2_RF_215,,
rfnd_2024_H2_216,refund,3446900,INR,pay_2024_H2_07744,1730654375,2024-11-03,rcpt_2024_H2_rf_216,processed,normal,normal,UTR_2024_H2_RF_216,,
rfnd_2024_H2_217,refund,1037400,INR,pay_2024_H2_06090,1727269586,2024-09-25,rcpt_2024_H2_rf_217,processed,normal,normal,UTR_2024_H2_RF_217,,
rfnd_2024_H2_218,refund,3369800,INR,pay_2024_H2_02680,1724115577,2024-08-20,rcpt_2024_H2_rf_218,processed,normal,normal,UTR_2024_H2_RF_218,,
rfnd_2024_H2_219,refund,135500,INR,pay_2024_H2_05948,1726815482,2024-09-20,rcpt_2024_H2_rf_219,processed,normal,normal,UTR_2024_H2_RF_219,,
rfnd_2024_H2_220,refund,3027500,INR,pay_2024_H2_04844,1725586831,2024-09-06,rcpt_2024_H2_rf_220,processed,normal,normal,UTR_2024_H2_RF_220,,
rfnd_2024_H2_221,refund,221300,INR,pay_2024_H2_09686,1728794295,2024-10-13,rcpt_2024_H2_rf_221,processed,normal,normal,UTR_2024_H2_RF_221,,
rfnd_2024_H2_222,refund,114500,INR,pay_2024_H2_16764,1734067448,2024-12-13,rcpt_2024_H2_rf_222,processed,normal,normal,UTR_2024_H2_RF_222,,
rfnd_2024_H2_223,refund,831200,INR,pay_2024_H2_04817,1727838090,2024-10-02,rcpt_2024_H2_rf_223,processed,normal,normal,UTR_2024_H2_RF_223,,
rfnd_2024_H2_224,refund,1037500,INR,pay_2024_H2_02062,1720944624,2024-07-14,rcpt_2024_H2_rf_224,processed,normal,normal,UTR_2024_H2_RF_224,,
rfnd_2024_H2_225,refund,156900,INR,pay_2024_H2_02714,1725621989,2024-09-06,rcpt_2024_H2_rf_225,processed,normal,normal,UTR_2024_H2_RF_225,,
rfnd_2024_H2_226,refund,2153800,INR,pay_2024_H2_02919,1724888249,2024-08-28,rcpt_2024_H2_rf_226,processed,normal,normal,UTR_2024_H2_RF_226,,
rfnd_2024_H2_227,refund,221600,INR,pay_2024_H2_08190,1730856510,2024-11-06,rcpt_2024_H2_rf_227,processed,normal,normal,UTR_2024_H2_RF_227,,
rfnd_2024_H2_228,refund,352800,INR,pay_2024_H2_02388,1723894055,2024-08-17,rcpt_2024_H2_rf_228,processed,normal,normal,UTR_2024_H2_RF_228,,
rfnd_2024_H2_229,refund,730300,INR,pay_2024_H2_12547,1733284417,2024-12-04,rcpt_2024_H2_rf_229,processed,normal,normal,UTR_2024_H2_RF_229,,
rfnd_2024_H2_230,refund,185500,INR,pay_2024_H2_09234,1730269318,2024-10-30,rcpt_2024_H2_rf_230,processed,normal,normal,UTR_2024_H2_RF_230,,
rfnd_2024_H2_231,refund,485400,INR,pay_2024_H2_16179,1734775802,2024-12-21,rcpt_2024_H2_rf_231,processed,normal,normal,UTR_2024_H2_RF_231,,
rfnd_2024_H2_232,refund,6515300,INR,pay_2024_H2_16298,1734789814,2024-12-21,rcpt_2024_H2_rf_232,processed,normal,normal,UTR_2024_H2_RF_232,,
rfnd_2024_H2_233,refund,1123100,INR,pay_2024_H2_14003,1733121542,2024-12-02,rcpt_2024_H2_rf_233,processed,normal,normal,UTR_2024_H2_RF_233,,
rfnd_2024_H2_234,refund,131200,INR,pay_2024_H2_08177,1728157749,2024-10-05,rcpt_2024_H2_rf_234,processed,normal,normal,UTR_2024_H2_RF_234,,
rfnd_2024_H2_235,refund,3644100,INR,pay_2024_H2_15498,1736303907,2025-01-08,rcpt_2024_H2_rf_235,processed,normal,normal,UTR_2024_H2_RF_235,,
rfnd_2024_H2_236,refund,4273500,INR,pay_2024_H2_05917,1727233542,2024-09-25,rcpt_2024_H2_rf_236,processed,normal,normal,UTR_2024_H2_RF_236,,
rfnd_2024_H2_237,refund,2552300,INR,pay_2024_H2_05605,1727054640,2024-09-23,rcpt_2024_H2_rf_237,processed,normal,normal,UTR_2024_H2_RF_237,,
rfnd_2024_H2_238,refund,12123100,INR,pay_2024_H2_03428,1723958337,2024-08-18,rcpt_2024_H2_rf_238,processed,normal,normal,UTR_2024_H2_RF_238,,
rfnd_2024_H2_239,refund,160700,INR,pay_2024_H2_02735,1722781527,2024-08-04,rcpt_2024_H2_rf_239,processed,normal,normal,UTR_2024_H2_RF_239,,
rfnd_2024_H2_240,refund,731300,INR,pay_2024_H2_06473,1727634202,2024-09-29,rcpt_2024_H2_rf_240,processed,normal,normal,UTR_2024_H2_RF_240,,
rfnd_2024_H2_241,refund,6499400,INR,pay_2024_H2_07351,1728768762,2024-10-12,rcpt_2024_H2_rf_241,processed,normal,normal,UTR_2024_H2_RF_241,,
rfnd_2024_H2_242,refund,12973100,INR,pay_2024_H2_04456,1724510509,2024-08-24,rcpt_2024_H2_rf_242,processed,normal,normal,UTR_2024_H2_RF_242,,
rfnd_2024_H2_243,refund,199700,INR,pay_2024_H2_12827,1731324218,2024-11-11,rcpt_2024_H2_rf_243,processed,normal,normal,UTR_2024_H2_RF_243,,
rfnd_2024_H2_244,refund,1097400,INR,pay_2024_H2_08965,1730808584,2024-11-05,rcpt_2024_H2_rf_244,processed,normal,normal,UTR_2024_H2_RF_244,,
rfnd_2024_H2_245,refund,161600,INR,pay_2024_H2_11612,1733257773,2024-12-03,rcpt_2024_H2_rf_245,processed,normal,normal,UTR_2024_H2_RF_245,,
rfnd_2024_H2_246,refund,5765700,INR,pay_2024_H2_03478,1725717751,2024-09-07,rcpt_2024_H2_rf_246,processed,normal,normal,UTR_2024_H2_RF_246,,
rfnd_2024_H2_247,refund,145000,INR,pay_2024_H2_04466,1724441212,2024-08-23,rcpt_2024_H2_rf_247,processed,normal,normal,UTR_2024_H2_RF_247,,
rfnd_2024_H2_248,refund,121800,INR,pay_2024_H2_03242,1724467999,2024-08-24,rcpt_2024_H2_rf_248,processed,normal,normal,UTR_2024_H2_RF_248,,
rfnd_2024_H2_249,refund,3080600,INR,pay_2024_H2_02294,1725521608,2024-09-05,rcpt_2024_H2_rf_249,processed,normal,normal,UTR_2024_H2_RF_249,,
rfnd_2024_H2_250,refund,5991900,INR,pay_2024_H2_11564,1733311967,2024-12-04,rcpt_2024_H2_rf_250,processed,normal,normal,UTR_2024_H2_RF_250,,
rfnd_2024_H2_251,refund,688100,INR,pay_2024_H2_08472,1728984673,2024-10-15,rcpt_2024_H2_rf_251,processed,normal,normal,UTR_2024_H2_RF_251,,
rfnd_2024_H2_252,refund,259200,INR,pay_2024_H2_04517,1727400504,2024-09-27,rcpt_2024_H2_rf_252,processed,normal,normal,UTR_2024_H2_RF_252,,
rfnd_2024_H2_253,refund,248500,INR,pay_2024_H2_05315,1727868476,2024-10-02,rcpt_2024_H2_rf_253,processed,normal,normal,UTR_2024_H2_RF_253,,
rfnd_2024_H2_254,refund,3712300,INR,pay_2024_H2_10095,1729718574,2024-10-23,rcpt_2024_H2_rf_254,processed,normal,normal,UTR_2024_H2_RF_254,,
rfnd_2024_H2_255,refund,215700,INR,pay_2024_H2_11419,1731780189,2024-11-16,rcpt_2024_H2_rf_255,processed,normal,normal,UTR_2024_H2_RF_255,,
rfnd_2024_H2_256,refund,792500,INR,pay_2024_H2_09413,1729906248,2024-10-26,rcpt_2024_H2_rf_256,processed,normal,normal,UTR_2024_H2_RF_256,,
rfnd_2024_H2_257,refund,52900,INR,pay_2024_H2_16357,1734845246,2024-12-22,rcpt_2024_H2_rf_257,processed,normal,normal,UTR_2024_H2_RF_257,,
rfnd_2024_H2_258,refund,290000,INR,pay_2024_H2_12046,1732678289,2024-11-27,rcpt_2024_H2_rf_258,processed,normal,normal,UTR_2024_H2_RF_258,,
rfnd_2024_H2_259,refund,211900,INR,pay_2024_H2_12598,1731815388,2024-11-17,rcpt_2024_H2_rf_259,processed,normal,normal,UTR_2024_H2_RF_259,,
rfnd_2024_H2_260,refund,1472800,INR,pay_2024_H2_12708,1732138122,2024-11-20,rcpt_2024_H2_rf_260,processed,normal,normal,UTR_2024_H2_RF_260,,
rfnd_2024_H2_261,refund,461400,INR,pay_2024_H2_17184,1733625368,2024-12-08,rcpt_2024_H2_rf_261,processed,normal,normal,UTR_2024_H2_RF_261,,
rfnd_2024_H2_262,refund,723000,INR,pay_2024_H2_08579,1728559561,2024-10-10,rcpt_2024_H2_rf_262,processed,normal,normal,UTR_2024_H2_RF_262,,
rfnd_2024_H2_263,refund,135000,INR,pay_2024_H2_07124,1728029066,2024-10-04,rcpt_2024_H2_rf_263,processed,normal,normal,UTR_2024_H2_RF_263,,
rfnd_2024_H2_264,refund,822400,INR,pay_2024_H2_15111,1735831506,2025-01-02,rcpt_2024_H2_rf_264,processed,normal,normal,UTR_2024_H2_RF_264,,
rfnd_2024_H2_265,refund,288700,INR,pay_2024_H2_13262,1731225704,2024-11-10,rcpt_2024_H2_rf_265,processed,normal,normal,UTR_2024_H2_RF_265,,
rfnd_2024_H2_266,refund,208400,INR,pay_2024_H2_07034,1726585946,2024-09-17,rcpt_2024_H2_rf_266,processed,normal,normal,UTR_2024_H2_RF_266,,
rfnd_2024_H2_267,refund,1370400,INR,pay_2024_H2_15932,1735939888,2025-01-03,rcpt_2024_H2_rf_267,processed,normal,normal,UTR_2024_H2_RF_267,,
rfnd_2024_H2_268,refund,220900,INR,pay_2024_H2_05586,1727343459,2024-09-26,rcpt_2024_H2_rf_268,processed,normal,normal,UTR_2024_H2_RF_268,,
rfnd_2024_H2_269,refund,316700,INR,pay_2024_H2_06178,1726497063,2024-09-16,rcpt_2024_H2_rf_269,processed,normal,normal,UTR_2024_H2_RF_269,,
rfnd_2024_H2_270,refund,409800,INR,pay_2024_H2_09913,1730915209,2024-11-06,rcpt_2024_H2_rf_270,processed,normal,normal,UTR_2024_H2_RF_270,,
rfnd_2024_H2_271,refund,246300,INR,pay_2024_H2_14499,1731897534,2024-11-18,rcpt_2024_H2_rf_271,processed,normal,normal,UTR_2024_H2_RF_271,,
rfnd_2024_H2_272,refund,830200,INR,pay_2024_H2_12119,1733503852,2024-12-06,rcpt_2024_H2_rf_272,processed,normal,normal,UTR_2024_H2_RF_272,,
rfnd_2024_H2_273,refund,1971500,INR,pay_2024_H2_08785,1729795690,2024-10-24,rcpt_2024_H2_rf_273,processed,normal,normal,UTR_2024_H2_RF_273,,
rfnd_2024_H2_274,refund,161000,INR,pay_2024_H2_02690,1724962726,2024-08-29,rcpt_2024_H2_rf_274,processed,normal,normal,UTR_2024_H2_RF_274,,
rfnd_2024_H2_275,refund,300200,INR,pay_2024_H2_05342,1727311260,2024-09-26,rcpt_2024_H2_rf_275,processed,normal,normal,UTR_2024_H2_RF_275,,
rfnd_2024_H2_276,refund,112300,INR,pay_2024_H2_14848,1735334566,2024-12-27,rcpt_2024_H2_rf_276,processed,normal,normal,UTR_2024_H2_RF_276,,
rfnd_2024_H2_277,refund,1665600,INR,pay_2024_H2_11501,1732994520,2024-11-30,rcpt_2024_H2_rf_277,processed,normal,normal,UTR_2024_H2_RF_277,,
rfnd_2024_H2_278,refund,647000,INR,pay_2024_H2_10402,1729931093,2024-10-26,rcpt_2024_H2_rf_278,processed,normal,normal,UTR_2024_H2_RF_278,,
rfnd_2024_H2_279,refund,7423200,INR,pay_2024_H2_04354,1725052596,2024-08-30,rcpt_2024_H2_rf_279,processed,normal,normal,UTR_2024_H2_RF_279,,
rfnd_2024_H2_280,refund,32200,INR,pay_2024_H2_16310,1734976011,2024-12-23,rcpt_2024_H2_rf_280,processed,normal,normal,UTR_2024_H2_RF_280,,
rfnd_2024_H2_281,refund,2478100,INR,pay_2024_H2_06762,1728052242,2024-10-04,rcpt_2024_H2_rf_281,processed,normal,normal,UTR_2024_H2_RF_281,,
rfnd_2024_H2_282,refund,253700,INR,pay_2024_H2_06064,1727571337,2024-09-29,rcpt_2024_H2_rf_282,processed,normal,normal,UTR_2024_H2_RF_282,,
rfnd_2024_H2_283,refund,5554800,INR,pay_2024_H2_08035,1729438313,2024-10-20,rcpt_2024_H2_rf_283,processed,normal,normal,UTR_2024_H2_RF_283,,
rfnd_2024_H2_284,refund,95200,INR,pay_2024_H2_12665,1731742324,2024-11-16,rcpt_2024_H2_rf_284,processed,normal,normal,UTR_2024_H2_RF_284,,
rfnd_2024_H2_285,refund,1109700,INR,pay_2024_H2_10238,1729566494,2024-10-22,rcpt_2024_H2_rf_285,processed,normal,normal,UTR_2024_H2_RF_285,,
rfnd_2024_H2_286,refund,1355200,INR,pay_2024_H2_04567,1726396701,2024-09-15,rcpt_2024_H2_rf_286,processed,normal,normal,UTR_2024_H2_RF_286,,
rfnd_2024_H2_287,refund,193400,INR,pay_2024_H2_02269,1723871038,2024-08-17,rcpt_2024_H2_rf_287,processed,normal,normal,UTR_2024_H2_RF_287,,
rfnd_2024_H2_288,refund,1667300,INR,pay_2024_H2_06394,1728278943,2024-10-07,rcpt_2024_H2_rf_288,processed,normal,normal,UTR_2024_H2_RF_288,,
rfnd_2024_H2_289,refund,1539900,INR,pay_2024_H2_04040,1725169455,2024-09-01,rcpt_2024_H2_rf_289,processed,normal,normal,UTR_2024_H2_RF_289,,
rfnd_2024_H2_290,refund,11179500,INR,pay_2024_H2_05165,1726320148,2024-09-14,rcpt_2024_H2_rf_290,processed,normal,normal,UTR_2024_H2_RF_290,,
rfnd_2024_H2_291,refund,1904400,INR,pay_2024_H2_09617,1728713242,2024-10-12,rcpt_2024_H2_rf_291,processed,normal,normal,UTR_2024_H2_RF_291,,
rfnd_2024_H2_292,refund,1381600,INR,pay_2024_H2_15878,1734836462,2024-12-22,rcpt_2024_H2_rf_292,processed,normal,normal,UTR_2024_H2_RF_292,,
rfnd_2024_H2_293,refund,355700,INR,pay_2024_H2_13195,1732071940,2024-11-20,rcpt_2024_H2_rf_293,processed,normal,normal,UTR_2024_H2_RF_293,,
rfnd_2024_H2_294,refund,205300,INR,pay_2024_H2_10468,1729383150,2024-10-20,rcpt_2024_H2_rf_294,processed,normal,normal,UTR_2024_H2_RF_294,,
rfnd_2024_H2_295,refund,899200,INR,pay_2024_H2_06988,1725741027,2024-09-07,rcpt_2024_H2_rf_295,processed,normal,normal,UTR_2024_H2_RF_295,,
rfnd_2024_H2_296,refund,419300,INR,pay_2024_H2_02605,1725200692,2024-09-01,rcpt_2024_H2_rf_296,processed,normal,normal,UTR_2024_H2_RF_296,,
rfnd_2024_H2_297,refund,1104400,INR,pay_2024_H2_06467,1728195217,2024-10-06,rcpt_2024_H2_rf_297,processed,normal,normal,UTR_2024_H2_RF_297,,
rfnd_2024_H2_298,refund,168300,INR,pay_2024_H2_08431,1730817031,2024-11-05,rcpt_2024_H2_rf_298,processed,normal,normal,UTR_2024_H2_RF_298,,
rfnd_2024_H2_299,refund,124700,INR,pay_2024_H2_05048,1728019709,2024-10-04,rcpt_2024_H2_rf_299,processed,normal,normal,UTR_2024_H2_RF_299,,
rfnd_2024_H2_300,refund,341800,INR,pay_2024_H2_04526,1728455363,2024-10-09,rcpt_2024_H2_rf_300,processed,normal,normal,UTR_2024_H2_RF_300,,
rfnd_2024_H2_301,refund,265100,INR,pay_2024_H2_05973,1726816328,2024-09-20,rcpt_2024_H2_rf_301,processed,normal,normal,UTR_2024_H2_RF_301,,
rfnd_2024_H2_302,refund,935900,INR,pay_2024_H2_07868,1729338484,2024-10-19,rcpt_2024_H2_rf_302,processed,normal,normal,UTR_2024_H2_RF_302,,
rfnd_2024_H2_303,refund,179300,INR,pay_2024_H2_07716,1730643419,2024-11-03,rcpt_2024_H2_rf_303,processed,normal,normal,UTR_2024_H2_RF_303,,
rfnd_2024_H2_304,refund,263000,INR,pay_2024_H2_13845,1732598457,2024-11-26,rcpt_2024_H2_rf_304,processed,normal,normal,UTR_2024_H2_RF_304,,
rfnd_2024_H2_305,refund,341500,INR,pay_2024_H2_13710,1732494200,2024-11-25,rcpt_2024_H2_rf_305,processed,normal,normal,UTR_2024_H2_RF_305,,
rfnd_2024_H2_306,refund,938000,INR,pay_2024_H2_14729,1733821775,2024-12-10,rcpt_2024_H2_rf_306,processed,normal,normal,UTR_2024_H2_RF_306,,
rfnd_2024_H2_307,refund,3178000,INR,pay_2024_H2_13430,1732840714,2024-11-29,rcpt_2024_H2_rf_307,processed,normal,normal,UTR_2024_H2_RF_307,,
rfnd_2024_H2_308,refund,6991700,INR,pay_2024_H2_02517,1723085541,2024-08-08,rcpt_2024_H2_rf_308,processed,normal,normal,UTR_2024_H2_RF_308,,
rfnd_2024_H2_309,refund,268200,INR,pay_2024_H2_06133,1725825679,2024-09-08,rcpt_2024_H2_rf_309,processed,normal,normal,UTR_2024_H2_RF_309,,
rfnd_2024_H2_310,refund,298500,INR,pay_2024_H2_03752,1724347936,2024-08-22,rcpt_2024_H2_rf_310,processed,normal,normal,UTR_2024_H2_RF_310,,
rfnd_2024_H2_311,refund,813800,INR,pay_2024_H2_05074,1727761625,2024-10-01,rcpt_2024_H2_rf_311,processed,normal,normal,UTR_2024_H2_RF_311,,
rfnd_2024_H2_312,refund,59300,INR,pay_2024_H2_12666,1732889632,2024-11-29,rcpt_2024_H2_rf_312,processed,normal,normal,UTR_2024_H2_RF_312,,
