id,entity,amount,status,fees,tax,utr,created_at,settlement_date,payment_count,refund_adjustment
setl_EH2401020001,settlement,13969932,processed,256067,0,EH2024010200000001,1704216600,2024-01-02,18,0
setl_EH2401030002,settlement,26580777,processed,487222,0,EH2024010300000002,1704303000,2024-01-03,26,0
setl_EH2401040003,settlement,15567651,processed,285349,0,EH2024010400000003,1704389400,2024-01-04,26,0
setl_EH2401050004,settlement,21706735,processed,405265,0,EH2024010500000004,1704475800,2024-01-05,25,4030.0
setl_EH2401070005,settlement,22634768,processed,425232,0,EH2024010700000005,1704648600,2024-01-07,26,5640.0
setl_EH2401080006,settlement,16761759,processed,307241,0,EH2024010800000006,1704735000,2024-01-08,23,0
setl_EH2401090007,settlement,54254569,processed,997429,0,EH2024010900000007,1704821400,2024-01-09,60,1610.0
setl_EH2401100008,settlement,8625890,processed,158110,0,EH2024011000000008,1704907800,2024-01-10,16,0
setl_EH2401110009,settlement,14685119,processed,288881,0,EH2024011100000009,1704994200,2024-01-11,28,10750.0
setl_EH2401120010,settlement,24439435,processed,469564,0,EH2024011200000010,1705080600,2024-01-12,25,11780.0
setl_EH2401140011,settlement,13965776,processed,262223,0,EH2024011400000011,1705253400,2024-01-14,23,3400.0
setl_EH2401150012,settlement,26606309,processed,487691,0,EH2024011500000012,1705339800,2024-01-15,33,0
setl_EH2401160013,settlement,54359312,processed,1020687,0,EH2024011600000013,1705426200,2024-01-16,51,13250.0
setl_EH2401170014,settlement,22773907,processed,419093,0,EH2024011700000014,1705512600,2024-01-17,31,900.0
setl_EH2401180015,settlement,16314379,processed,368620,0,EH2024011800000015,1705599000,2024-01-18,26,37960.0
setl_EH2401190016,settlement,23190913,processed,425087,0,EH2024011900000016,1705685400,2024-01-19,28,0
setl_EH2401210017,settlement,20506127,processed,375873,0,EH2024012100000017,1705858200,2024-01-21,32,0
setl_EH2401220018,settlement,25825006,processed,498994,0,EH2024012200000018,1705944600,2024-01-22,23,13980.0
setl_EH2401230019,settlement,41614215,processed,762785,0,EH2024012300000019,1706031000,2024-01-23,50,0
setl_EH2401240020,settlement,18860293,processed,345707,0,EH2024012400000020,1706117400,2024-01-24,27,0
setl_EH2401250021,settlement,16940605,processed,315395,0,EH2024012500000021,1706203800,2024-01-25,23,2660.0
setl_EH2401260022,settlement,8030699,processed,148301,0,EH2024012600000022,1706290200,2024-01-26,17,600.0
setl_EH2401280023,settlement,18568595,processed,341405,0,EH2024012800000023,1706463000,2024-01-28,32,570.0
setl_EH2401290024,settlement,15437729,processed,286271,0,EH2024012900000024,1706549400,2024-01-29,24,1800.0
setl_EH2401300025,settlement,37891122,processed,729878,0,EH2024013000000025,1706635800,2024-01-30,59,19280.0
setl_EH2401310026,settlement,35095440,processed,655560,0,EH2024013100000026,1706722200,2024-01-31,27,6690.0
setl_EH2402010027,settlement,18840366,processed,347634,0,EH2024020100000027,1706808600,2024-02-01,18,1250.0
setl_EH2402020028,settlement,11233099,processed,205901,0,EH2024020200000028,1706895000,2024-02-02,18,0
setl_EH2402040029,settlement,20271223,processed,379777,0,EH2024020400000029,1707067800,2024-02-04,30,4480.0
setl_EH2402050030,settlement,12539159,processed,229841,0,EH2024020500000030,1707154200,2024-02-05,23,0
setl_EH2402060031,settlement,40995810,processed,787190,0,EH2024020600000031,1707240600,2024-02-06,58,19500.0
setl_EH2402070032,settlement,16119474,processed,300526,0,EH2024020700000032,1707327000,2024-02-07,30,2760.0
setl_EH2402080033,settlement,24511721,processed,483279,0,EH2024020800000033,1707413400,2024-02-08,31,18540.0
setl_EH2402090034,settlement,23949301,processed,452699,0,EH2024020900000034,1707499800,2024-02-09,25,7480.0
setl_EH2402110035,settlement,25555570,processed,468430,0,EH2024021100000035,1707672600,2024-02-11,36,0
setl_EH2402120036,settlement,20715521,processed,382479,0,EH2024021200000036,1707759000,2024-02-12,22,1510.0
setl_EH2402130037,settlement,44917665,processed,823335,0,EH2024021300000037,1707845400,2024-02-13,58,0
setl_EH2402140038,settlement,18694445,processed,416555,0,EH2024021400000038,1707931800,2024-02-14,26,40310.0
setl_EH2402150039,settlement,21459892,processed,412108,0,EH2024021500000039,1708018200,2024-02-15,27,10230.0
setl_EH2402160040,settlement,12111193,processed,227807,0,EH2024021600000040,1708104600,2024-02-16,24,3170.0
setl_EH2402180041,settlement,20596368,processed,421632,0,EH2024021800000041,1708277400,2024-02-18,27,24060.0
setl_EH2402190042,settlement,23134942,processed,424058,0,EH2024021900000042,1708363800,2024-02-19,31,0
setl_EH2402200043,settlement,46598848,processed,854152,0,EH2024022000000043,1708450200,2024-02-20,55,0
setl_EH2402210044,settlement,25620405,processed,473595,0,EH2024022100000044,1708536600,2024-02-21,32,2170.0
setl_EH2402220045,settlement,24236265,processed,448735,0,EH2024022200000045,1708623000,2024-02-22,30,2450.0
setl_EH2402230046,settlement,16584096,processed,318904,0,EH2024022300000046,1708709400,2024-02-23,24,8140.0
setl_EH2402250047,settlement,10395650,processed,206350,0,EH2024022500000047,1708882200,2024-02-25,22,8620.0
setl_EH2402260048,settlement,7578425,processed,180575,0,EH2024022600000048,1708968600,2024-02-26,17,22730.0
setl_EH2402270049,settlement,53881361,processed,987639,0,EH2024022700000049,1709055000,2024-02-27,54,0
setl_EH2402280050,settlement,11173223,processed,239777,0,EH2024022800000050,1709141400,2024-02-28,28,19080.0
setl_EH2402290051,settlement,11170250,processed,204750,0,EH2024022900000051,1709227800,2024-02-29,22,0
setl_EH2403010052,settlement,16571654,processed,327346,0,EH2024030100000052,1709314200,2024-03-01,29,12870.0
setl_EH2403030053,settlement,17928374,processed,328626,0,EH2024030300000053,1709487000,2024-03-03,26,0
setl_EH2403040054,settlement,17248833,processed,316167,0,EH2024030400000054,1709573400,2024-03-04,29,0
setl_EH2403050055,settlement,38892116,processed,712884,0,EH2024030500000055,1709659800,2024-03-05,58,0
setl_EH2403060056,settlement,24037765,processed,446235,0,EH2024030600000056,1709746200,2024-03-06,34,3070.0
setl_EH2403070057,settlement,19422825,processed,373175,0,EH2024030700000057,1709832600,2024-03-07,28,9360.0
setl_EH2403080058,settlement,14465604,processed,270396,0,EH2024030800000058,1709919000,2024-03-08,26,2860.0
setl_EH2403100059,settlement,19465546,processed,372454,0,EH2024031000000059,1710091800,2024-03-10,25,8540.0
setl_EH2403110060,settlement,17271007,processed,338993,0,EH2024031100000060,1710178200,2024-03-11,24,12230.0
setl_EH2403120061,settlement,32132428,processed,603571,0,EH2024031200000061,1710264600,2024-03-12,50,7960.0
setl_EH2403130062,settlement,23745233,processed,447767,0,EH2024031300000062,1710351000,2024-03-13,22,6830.0
setl_EH2403140063,settlement,17640968,processed,337032,0,EH2024031400000063,1710437400,2024-03-14,29,7460.0
setl_EH2403150064,settlement,12848024,processed,264976,0,EH2024031500000064,1710523800,2024-03-15,26,16080.0
setl_EH2403170065,settlement,13404303,processed,245696,0,EH2024031700000065,1710696600,2024-03-17,19,0
setl_EH2403180066,settlement,14396604,processed,277396,0,EH2024031800000066,1710783000,2024-03-18,23,7370.0
setl_EH2403190067,settlement,34536940,processed,633060,0,EH2024031900000067,1710869400,2024-03-19,60,0
setl_EH2403200068,settlement,16910948,processed,353052,0,EH2024032000000068,1710955800,2024-03-20,22,23500.0
setl_EH2403210069,settlement,11250067,processed,288933,0,EH2024032100000069,1711042200,2024-03-21,23,45130.0
setl_EH2403220070,settlement,33203548,processed,617452,0,EH2024032200000070,1711128600,2024-03-22,40,4820.0
setl_EH2403240071,settlement,21501873,processed,394127,0,EH2024032400000071,1711301400,2024-03-24,16,0
setl_EH2403250072,settlement,16287932,processed,310068,0,EH2024032500000072,1711387800,2024-03-25,27,6280.0
setl_EH2403260073,settlement,31783005,processed,586995,0,EH2024032600000073,1711474200,2024-03-26,48,2410.0
setl_EH2403270074,settlement,22206987,processed,436013,0,EH2024032700000074,1711560600,2024-03-27,34,15800.0
setl_EH2403280075,settlement,23044599,processed,422401,0,EH2024032800000075,1711647000,2024-03-28,31,0
setl_EH2403290076,settlement,16946847,processed,350153,0,EH2024032900000076,1711733400,2024-03-29,23,21560.0
setl_EH2403310077,settlement,18553249,processed,353751,0,EH2024033100000077,1711906200,2024-03-31,20,7460.0
setl_EH2404010078,settlement,12862236,processed,235764,0,EH2024040100000078,1711992600,2024-04-01,25,0
setl_EH2404020079,settlement,38287535,processed,711465,0,EH2024040200000079,1712079000,2024-04-02,49,5270.0
setl_EH2404030080,settlement,11167991,processed,258009,0,EH2024040300000080,1712165400,2024-04-03,26,29080.0
setl_EH2404040081,settlement,25445587,processed,466413,0,EH2024040400000081,1712251800,2024-04-04,34,0
setl_EH2404050082,settlement,38775178,processed,724822,0,EH2024040500000082,1712338200,2024-04-05,35,7680.0
setl_EH2404070083,settlement,18530631,processed,341369,0,EH2024040700000083,1712511000,2024-04-07,33,930.0
setl_EH2404080084,settlement,17565690,processed,325310,0,EH2024040800000084,1712597400,2024-04-08,21,1820.0
setl_EH2404090085,settlement,53781751,processed,992249,0,EH2024040900000085,1712683800,2024-04-09,75,3510.0
setl_EH2404100086,settlement,24979507,processed,469493,0,EH2024041000000086,1712770200,2024-04-10,28,6340.0
setl_EH2404110087,settlement,19720910,processed,387090,0,EH2024041100000087,1712856600,2024-04-11,34,13970.0
setl_EH2404120088,settlement,18580424,processed,340576,0,EH2024041200000088,1712943000,2024-04-12,26,0
setl_EH2404140089,settlement,36936447,processed,688553,0,EH2024041400000089,1713115800,2024-04-14,36,6280.0
setl_EH2404150090,settlement,21121006,processed,392994,0,EH2024041500000090,1713202200,2024-04-15,34,3190.0
setl_EH2404160091,settlement,52449604,processed,961396,0,EH2024041600000091,1713288600,2024-04-16,55,0
setl_EH2404170092,settlement,27166048,processed,497952,0,EH2024041700000092,1713375000,2024-04-17,33,0
setl_EH2404180093,settlement,27753574,processed,510426,0,EH2024041800000093,1713461400,2024-04-18,33,930.0
setl_EH2404190094,settlement,39540588,processed,729412,0,EH2024041900000094,1713547800,2024-04-19,37,2530.0
setl_EH2404210095,settlement,21412512,processed,392488,0,EH2024042100000095,1713720600,2024-04-21,31,0
setl_EH2404220096,settlement,31010475,processed,588525,0,EH2024042200000096,1713807000,2024-04-22,38,10970.0
setl_EH2404230097,settlement,27867968,processed,522032,0,EH2024042300000097,1713893400,2024-04-23,39,6120.0
setl_EH2404240098,settlement,28549556,processed,537444,0,EH2024042400000098,1713979800,2024-04-24,31,7710.0
setl_EH2404250099,settlement,11603716,processed,229284,0,EH2024042500000099,1714066200,2024-04-25,23,9050.0
setl_EH2404260100,settlement,16725556,processed,312444,0,EH2024042600000100,1714152600,2024-04-26,24,3200.0
setl_EH2404280101,settlement,25557482,processed,517518,0,EH2024042800000101,1714325400,2024-04-28,28,26760.0
setl_EH2404290102,settlement,12017534,processed,342466,0,EH2024042900000102,1714411800,2024-04-29,34,66660.0
setl_EH2404300103,settlement,43982089,processed,832911,0,EH2024043000000103,1714498200,2024-04-30,52,14580.0
setl_EH2405010104,settlement,17391786,processed,326214,0,EH2024050100000104,1714584600,2024-05-01,24,4050.0
setl_EH2405020105,settlement,18719844,processed,355156,0,EH2024050200000105,1714671000,2024-05-02,28,6560.0
setl_EH2405030106,settlement,29197882,processed,539118,0,EH2024050300000106,1714757400,2024-05-03,24,2140.0
setl_EH2405050107,settlement,21923638,processed,403362,0,EH2024050500000107,1714930200,2024-05-05,33,820.0
setl_EH2405060108,settlement,29691626,processed,569374,0,EH2024050600000108,1715016600,2024-05-06,30,13710.0
setl_EH2405070109,settlement,47669909,processed,903091,0,EH2024050700000109,1715103000,2024-05-07,56,15990.0
setl_EH2405080110,settlement,26492398,processed,485602,0,EH2024050800000110,1715189400,2024-05-08,34,0
setl_EH2405090111,settlement,24515900,processed,465100,0,EH2024050900000111,1715275800,2024-05-09,37,8580.0
setl_EH2405100112,settlement,17621428,processed,328572,0,EH2024051000000112,1715362200,2024-05-10,29,3040.0
setl_EH2405120113,settlement,18606936,processed,341064,0,EH2024051200000113,1715535000,2024-05-12,28,0
setl_EH2405130114,settlement,21380485,processed,411514,0,EH2024051300000114,1715621400,2024-05-13,29,10700.0
setl_EH2405140115,settlement,36162411,processed,695589,0,EH2024051400000115,1715707800,2024-05-14,57,17860.0
setl_EH2405150116,settlement,13957324,processed,276676,0,EH2024051500000116,1715794200,2024-05-15,24,11370.0
setl_EH2405160117,settlement,22133914,processed,416085,0,EH2024051600000117,1715880600,2024-05-16,30,5660.0
setl_EH2405170118,settlement,17694976,processed,345024,0,EH2024051700000118,1715967000,2024-05-17,26,11280.0
setl_EH2405190119,settlement,23323421,processed,428579,0,EH2024051900000119,1716139800,2024-05-19,34,580.0
setl_EH2405200120,settlement,28097228,processed,515771,0,EH2024052000000120,1716226200,2024-05-20,31,410.0
setl_EH2405210121,settlement,41333356,processed,785644,0,EH2024052100000121,1716312600,2024-05-21,51,15280.0
setl_EH2405220122,settlement,26136572,processed,488428,0,EH2024052200000122,1716399000,2024-05-22,34,5100.0
setl_EH2405230123,settlement,34446600,processed,631400,0,EH2024052300000123,1716485400,2024-05-23,38,0
setl_EH2405240124,settlement,23708354,processed,441646,0,EH2024052400000124,1716571800,2024-05-24,36,3860.0
setl_EH2405260125,settlement,19612857,processed,360143,0,EH2024052600000125,1716744600,2024-05-26,25,350.0
setl_EH2405270126,settlement,33695478,processed,630522,0,EH2024052700000126,1716831000,2024-05-27,40,7030.0
setl_EH2405280127,settlement,43014031,processed,857969,0,EH2024052800000127,1716917400,2024-05-28,52,37930.0
setl_EH2405290128,settlement,24921284,processed,524716,0,EH2024052900000128,1717003800,2024-05-29,35,37050.0
setl_EH2405300129,settlement,15618307,processed,287693,0,EH2024053000000129,1717090200,2024-05-30,27,770.0
setl_EH2405310130,settlement,29610248,processed,542752,0,EH2024053100000130,1717176600,2024-05-31,35,0
setl_EH2406020131,settlement,18440091,processed,368909,0,EH2024060200000131,1717349400,2024-06-02,27,16860.0
setl_EH2406030132,settlement,20547022,processed,379978,0,EH2024060300000132,1717435800,2024-06-03,24,1830.0
setl_EH2406040133,settlement,47872502,processed,877498,0,EH2024060400000133,1717522200,2024-06-04,63,0
setl_EH2406050134,settlement,37063627,processed,679373,0,EH2024060500000134,1717608600,2024-06-05,30,0
setl_EH2406060135,settlement,10415891,processed,214109,0,EH2024060600000135,1717695000,2024-06-06,22,12650.0
setl_EH2406070136,settlement,20050479,processed,367521,0,EH2024060700000136,1717781400,2024-06-07,32,0
setl_EH2406090137,settlement,21163800,processed,392200,0,EH2024060900000137,1717954200,2024-06-09,20,2330.0
setl_EH2406100138,settlement,31943348,processed,703652,0,EH2024061000000138,1718040600,2024-06-10,33,64450.0
setl_EH2406110139,settlement,33380296,processed,619703,0,EH2024061100000139,1718127000,2024-06-11,45,4280.0
setl_EH2406120140,settlement,14482537,processed,265463,0,EH2024061200000140,1718213400,2024-06-12,24,0
setl_EH2406130141,settlement,27826074,processed,512926,0,EH2024061300000141,1718299800,2024-06-13,27,1570.0
setl_EH2406140142,settlement,33363451,processed,611549,0,EH2024061400000142,1718386200,2024-06-14,31,0
setl_EH2406160143,settlement,14531026,processed,284974,0,EH2024061600000143,1718559000,2024-06-16,32,10160.0
setl_EH2406170144,settlement,20464407,processed,378593,0,EH2024061700000144,1718645400,2024-06-17,29,1900.0
setl_EH2406180145,settlement,40680338,processed,745662,0,EH2024061800000145,1718731800,2024-06-18,65,0
setl_EH2406190146,settlement,13094196,processed,256804,0,EH2024061900000146,1718818200,2024-06-19,25,9160.0
setl_EH2406200147,settlement,29115488,processed,557512,0,EH2024062000000147,1718904600,2024-06-20,26,13000.0
setl_EH2406210148,settlement,22578615,processed,449385,0,EH2024062100000148,1718991000,2024-06-21,33,19380.0
setl_EH2406230149,settlement,16463232,processed,301768,0,EH2024062300000149,1719163800,2024-06-23,29,0
setl_EH2406240150,settlement,13231454,processed,316545,0,EH2024062400000150,1719250200,2024-06-24,27,40380.0
setl_EH2406250151,settlement,36902579,processed,676421,0,EH2024062500000151,1719336600,2024-06-25,57,0
setl_EH2406260152,settlement,20523472,processed,381528,0,EH2024062600000152,1719423000,2024-06-26,33,2910.0
setl_EH2406270153,settlement,28528450,processed,546550,0,EH2024062700000153,1719509400,2024-06-27,33,12890.0
setl_EH2406280154,settlement,36634758,processed,692242,0,EH2024062800000154,1719595800,2024-06-28,40,11310.0
setl_EH2406300155,settlement,18376865,processed,341135,0,EH2024063000000155,1719768600,2024-06-30,23,2340.0
setl_EH2407010156,settlement,34685687,processed,647313,0,EH2024070100000156,1719855000,2024-07-01,33,6290.0
setl_EH2407020157,settlement,36915958,processed,694042,0,EH2024070200000157,1719941400,2024-07-02,40,9480.0
setl_EH2407030158,settlement,24911429,processed,461571,0,EH2024070300000158,1720027800,2024-07-03,27,2700.0
setl_EH2407040159,settlement,10305735,processed,202265,0,EH2024070400000159,1720114200,2024-07-04,17,7290.0
setl_EH2407050160,settlement,19917307,processed,377693,0,EH2024070500000160,1720200600,2024-07-05,30,6880.0
setl_EH2407070161,settlement,19112667,processed,350333,0,EH2024070700000161,1720373400,2024-07-07,24,0
setl_EH2407080162,settlement,26228092,processed,485908,0,EH2024070800000162,1720459800,2024-07-08,31,2810.0
setl_EH2407090163,settlement,32676186,processed,604814,0,EH2024070900000163,1720546200,2024-07-09,49,3200.0
setl_EH2407100164,settlement,19076370,processed,387630,0,EH2024071000000164,1720632600,2024-07-10,27,20710.0
setl_EH2407110165,settlement,24387200,processed,465800,0,EH2024071100000165,1720719000,2024-07-11,35,10250.0
setl_EH2407120166,settlement,22392313,processed,437687,0,EH2024071200000166,1720805400,2024-07-12,26,14860.0
setl_EH2407140167,settlement,27303878,processed,506122,0,EH2024071400000167,1720978200,2024-07-14,32,3080.0
setl_EH2407150168,settlement,9765011,processed,178989,0,EH2024071500000168,1721064600,2024-07-15,19,0
setl_EH2407160169,settlement,28952078,processed,534922,0,EH2024071600000169,1721151000,2024-07-16,40,2310.0
setl_EH2407170170,settlement,18284899,processed,337101,0,EH2024071700000170,1721237400,2024-07-17,26,1060.0
setl_EH2407180171,settlement,11213538,processed,222462,0,EH2024071800000171,1721323800,2024-07-18,19,9230.0
setl_EH2407190172,settlement,15229838,processed,279162,0,EH2024071900000172,1721410200,2024-07-19,25,0
setl_EH2407210173,settlement,25814925,processed,536075,0,EH2024072100000173,1721583000,2024-07-21,33,34310.0
setl_EH2407220174,settlement,11981644,processed,236356,0,EH2024072200000174,1721669400,2024-07-22,26,9130.0
setl_EH2407230175,settlement,31705402,processed,595598,0,EH2024072300000175,1721755800,2024-07-23,56,7880.0
setl_EH2407240176,settlement,12822667,processed,242333,0,EH2024072400000176,1721842200,2024-07-24,21,3980.0
setl_EH2407250177,settlement,28958365,processed,543634,0,EH2024072500000177,1721928600,2024-07-25,32,7000.0
setl_EH2407260178,settlement,39731724,processed,728276,0,EH2024072600000178,1722015000,2024-07-26,36,0
setl_EH2407280179,settlement,19806377,processed,366623,0,EH2024072800000179,1722187800,2024-07-28,22,1950.0
setl_EH2407290180,settlement,12083005,processed,228994,0,EH2024072900000180,1722274200,2024-07-29,25,4100.0
setl_EH2407300181,settlement,29698628,processed,544372,0,EH2024073000000181,1722360600,2024-07-30,44,0
setl_EH2407310182,settlement,11890960,processed,221040,0,EH2024073100000182,1722447000,2024-07-31,19,1680.0
setl_EH2408010183,settlement,12798158,processed,247842,0,EH2024080100000183,1722533400,2024-08-01,23,7230.0
setl_EH2408020184,settlement,18253882,processed,341118,0,EH2024080200000184,1722619800,2024-08-02,26,3560.0
setl_EH2408040185,settlement,15749678,processed,290322,0,EH2024080400000185,1722792600,2024-08-04,25,890.0
setl_EH2408050186,settlement,48556883,processed,897117,0,EH2024080500000186,1722879000,2024-08-05,33,3860.0
setl_EH2408060187,settlement,34314029,processed,628971,0,EH2024080600000187,1722965400,2024-08-06,55,0
setl_EH2408070188,settlement,18946708,processed,347292,0,EH2024080700000188,1723051800,2024-08-07,34,0
setl_EH2408080189,settlement,22717015,processed,418985,0,EH2024080800000189,1723138200,2024-08-08,31,1410.0
setl_EH2408090190,settlement,22567344,processed,413656,0,EH2024080900000190,1723224600,2024-08-09,29,0
setl_EH2408110191,settlement,20231440,processed,376560,0,EH2024081100000191,1723397400,2024-08-11,33,3120.0
setl_EH2408120192,settlement,19554640,processed,369360,0,EH2024081200000192,1723483800,2024-08-12,20,5960.0
setl_EH2408130193,settlement,43603498,processed,821502,0,EH2024081300000193,1723570200,2024-08-13,63,12140.0
setl_EH2408140194,settlement,13818073,processed,278927,0,EH2024081400000194,1723656600,2024-08-14,25,13990.0
setl_EH2408150195,settlement,27371848,processed,514152,0,EH2024081500000195,1723743000,2024-08-15,33,6780.0
setl_EH2408160196,settlement,17308734,processed,317266,0,EH2024081600000196,1723829400,2024-08-16,25,0
setl_EH2408180197,settlement,20357187,processed,374813,0,EH2024081800000197,1724002200,2024-08-18,30,910.0
setl_EH2408190198,settlement,14704834,processed,284166,0,EH2024081900000198,1724088600,2024-08-19,21,7980.0
setl_EH2408200199,settlement,34267435,processed,629565,0,EH2024082000000199,1724175000,2024-08-20,50,790.0
setl_EH2408210200,settlement,22978167,processed,424833,0,EH2024082100000200,1724261400,2024-08-21,24,1990.0
setl_EH2408220201,settlement,16297273,processed,298727,0,EH2024082200000201,1724347800,2024-08-22,28,0
setl_EH2408230202,settlement,26494918,processed,492082,0,EH2024082300000202,1724434200,2024-08-23,32,3510.0
setl_EH2408250203,settlement,56082843,processed,1048156,0,EH2024082500000203,1724607000,2024-08-25,40,11000.0
setl_EH2408260204,settlement,10670458,processed,205542,0,EH2024082600000204,1724693400,2024-08-26,19,5430.0
setl_EH2408270205,settlement,47002789,processed,884211,0,EH2024082700000205,1724779800,2024-08-27,58,12360.0
setl_EH2408280206,settlement,21048903,processed,397097,0,EH2024082800000206,1724866200,2024-08-28,33,6150.0
setl_EH2408290207,settlement,25004820,processed,466180,0,EH2024082900000207,1724952600,2024-08-29,34,4280.0
setl_EH2408300208,settlement,10781687,processed,334313,0,EH2024083000000208,1725039000,2024-08-30,22,74570.0
setl_EH2409010209,settlement,17673414,processed,339586,0,EH2024090100000209,1725211800,2024-09-01,29,8530.0
setl_EH2409020210,settlement,16989813,processed,316187,0,EH2024090200000210,1725298200,2024-09-02,31,2600.0
setl_EH2409030211,settlement,31242698,processed,623302,0,EH2024090300000211,1725384600,2024-09-03,47,27620.0
setl_EH2409040212,settlement,19301347,processed,354653,0,EH2024090400000212,1725471000,2024-09-04,30,470.0
setl_EH2409050213,settlement,15454757,processed,307242,0,EH2024090500000213,1725557400,2024-09-05,23,13070.0
setl_EH2409060214,settlement,19414740,processed,361260,0,EH2024090600000214,1725643800,2024-09-06,31,2940.0
setl_EH2409080215,settlement,26355334,processed,484666,0,EH2024090800000215,1725816600,2024-09-08,38,860.0
setl_EH2409090216,settlement,20429724,processed,399276,0,EH2024090900000216,1725903000,2024-09-09,39,13530.0
setl_EH2409100217,settlement,59608460,processed,1094540,0,EH2024091000000217,1725989400,2024-09-10,63,1050.0
setl_EH2409110218,settlement,22154644,processed,436356,0,EH2024091100000218,1726075800,2024-09-11,31,16510.0
setl_EH2409120219,settlement,21853431,processed,400569,0,EH2024091200000219,1726162200,2024-09-12,28,0
setl_EH2409130220,settlement,8420321,processed,247679,0,EH2024091300000220,1726248600,2024-09-13,24,50920.0
setl_EH2409150221,settlement,28507202,processed,548798,0,EH2024091500000221,1726421400,2024-09-15,38,14330.0
setl_EH2409160222,settlement,21981045,processed,421955,0,EH2024091600000222,1726507800,2024-09-16,32,10390.0
setl_EH2409170223,settlement,49290842,processed,927158,0,EH2024091700000223,1726594200,2024-09-17,64,12910.0
setl_EH2409180224,settlement,21555223,processed,428776,0,EH2024091800000224,1726680600,2024-09-18,28,18370.0
setl_EH2409190225,settlement,14047560,processed,260440,0,EH2024091900000225,1726767000,2024-09-19,26,1610.0
setl_EH2409200226,settlement,22277132,processed,419868,0,EH2024092000000226,1726853400,2024-09-20,30,6290.0
setl_EH2409220227,settlement,17034048,processed,342952,0,EH2024092200000227,1727026200,2024-09-22,29,16760.0
setl_EH2409230228,settlement,20221351,processed,394649,0,EH2024092300000228,1727112600,2024-09-23,27,13090.0
setl_EH2409240229,settlement,30212132,processed,575868,0,EH2024092400000229,1727199000,2024-09-24,58,12050.0
setl_EH2409250230,settlement,40632654,processed,761346,0,EH2024092500000230,1727285400,2024-09-25,31,9030.0
setl_EH2409260231,settlement,16859817,processed,320183,0,EH2024092600000231,1727371800,2024-09-26,20,6080.0
setl_EH2409270232,settlement,16894317,processed,333683,0,EH2024092700000232,1727458200,2024-09-27,34,13100.0
setl_EH2409290233,settlement,17262860,processed,317140,0,EH2024092900000233,1727631000,2024-09-29,35,390.0
setl_EH2409300234,settlement,27968453,processed,532546,0,EH2024093000000234,1727717400,2024-09-30,36,10850.0
setl_EH2410010235,settlement,36223038,processed,663962,0,EH2024100100000235,1727803800,2024-10-01,61,0
setl_EH2410020236,settlement,12372458,processed,248542,0,EH2024100200000236,1727890200,2024-10-02,25,11870.0
setl_EH2410030237,settlement,16728607,processed,326392,0,EH2024100300000237,1727976600,2024-10-03,27,10780.0
setl_EH2410040238,settlement,21753105,processed,409895,0,EH2024100400000238,1728063000,2024-10-04,25,6090.0
setl_EH2410060239,settlement,28592151,processed,563849,0,EH2024100600000239,1728235800,2024-10-06,36,21690.0
setl_EH2410070240,settlement,15798534,processed,297466,0,EH2024100700000240,1728322200,2024-10-07,24,4300.0
setl_EH2410080241,settlement,44711341,processed,850659,0,EH2024100800000241,1728408600,2024-10-08,66,16970.0
setl_EH2410090242,settlement,26394290,processed,487709,0,EH2024100900000242,1728495000,2024-10-09,25,2130.0
setl_EH2410100243,settlement,16180485,processed,314514,0,EH2024101000000243,1728581400,2024-10-10,30,9780.0
setl_EH2410110244,settlement,12336612,processed,294388,0,EH2024101100000244,1728667800,2024-10-11,26,37240.0
setl_EH2410130245,settlement,13870721,processed,269279,0,EH2024101300000245,1728840600,2024-10-13,25,8200.0
setl_EH2410140246,settlement,18288078,processed,381922,0,EH2024101400000246,1728927000,2024-10-14,29,25480.0
setl_EH2410150247,settlement,34627290,processed,634710,0,EH2024101500000247,1729013400,2024-10-15,56,0
setl_EH2410160248,settlement,21162508,processed,408492,0,EH2024101600000248,1729099800,2024-10-16,35,11230.0
setl_EH2410170249,settlement,22241972,processed,438028,0,EH2024101700000249,1729186200,2024-10-17,16,16550.0
setl_EH2410180250,settlement,16389012,processed,306988,0,EH2024101800000250,1729272600,2024-10-18,25,3590.0
setl_EH2410200251,settlement,27487074,processed,512926,0,EH2024102000000251,1729445400,2024-10-20,30,4960.0
setl_EH2410210252,settlement,17199781,processed,329219,0,EH2024102100000252,1729531800,2024-10-21,29,7610.0
setl_EH2410220253,settlement,39158162,processed,722838,0,EH2024102200000253,1729618200,2024-10-22,67,2770.0
setl_EH2410230254,settlement,22903396,processed,438604,0,EH2024102300000254,1729704600,2024-10-23,25,10250.0
setl_EH2410240255,settlement,32144790,processed,589210,0,EH2024102400000255,1729791000,2024-10-24,30,0
setl_EH2410250256,settlement,9494724,processed,192276,0,EH2024102500000256,1729877400,2024-10-25,19,9950.0
setl_EH2410270257,settlement,24719670,processed,478330,0,EH2024102700000257,1730050200,2024-10-27,31,13760.0
setl_EH2410280258,settlement,15778778,processed,289222,0,EH2024102800000258,1730136600,2024-10-28,19,0
setl_EH2410290259,settlement,29205277,processed,545723,0,EH2024102900000259,1730223000,2024-10-29,45,5670.0
setl_EH2410300260,settlement,12904410,processed,238590,0,EH2024103000000260,1730309400,2024-10-30,21,1120.0
setl_EH2410310261,settlement,22005584,processed,428416,0,EH2024103100000261,1730395800,2024-10-31,32,13670.0
setl_EH2411010262,settlement,11036460,processed,241540,0,EH2024110100000262,1730482200,2024-11-01,29,21410.0
setl_EH2411030263,settlement,17869455,processed,327545,0,EH2024110300000263,1730655000,2024-11-03,25,0
setl_EH2411040264,settlement,25141164,processed,460835,0,EH2024110400000264,1730741400,2024-11-04,31,0
setl_EH2411050265,settlement,43189782,processed,795218,0,EH2024110500000265,1730827800,2024-11-05,55,1940.0
setl_EH2411060266,settlement,33736367,processed,631633,0,EH2024110600000266,1730914200,2024-11-06,30,7230.0
setl_EH2411070267,settlement,26013633,processed,478367,0,EH2024110700000267,1731000600,2024-11-07,28,840.0
setl_EH2411080268,settlement,29726292,processed,559708,0,EH2024110800000268,1731087000,2024-11-08,38,8090.0
setl_EH2411100269,settlement,22302161,processed,427839,0,EH2024111000000269,1731259800,2024-11-10,37,10390.0
setl_EH2411110270,settlement,35868000,processed,671000,0,EH2024111100000270,1731346200,2024-11-11,39,7390.0
setl_EH2411120271,settlement,71434611,processed,1309389,0,EH2024111200000271,1731432600,2024-11-12,68,0
setl_EH2411130272,settlement,16185443,processed,297557,0,EH2024111300000272,1731519000,2024-11-13,21,480.0
setl_EH2411140273,settlement,20155095,processed,372905,0,EH2024111400000273,1731605400,2024-11-14,28,1890.0
setl_EH2411150274,settlement,25531021,processed,467979,0,EH2024111500000274,1731691800,2024-11-15,31,0
setl_EH2411170275,settlement,20529240,processed,390760,0,EH2024111700000275,1731864600,2024-11-17,34,7890.0
setl_EH2411180276,settlement,27168423,processed,511577,0,EH2024111800000276,1731951000,2024-11-18,34,7410.0
setl_EH2411190277,settlement,37551646,processed,715354,0,EH2024111900000277,1732037400,2024-11-19,62,14750.0
setl_EH2411200278,settlement,33050602,processed,646398,0,EH2024112000000278,1732123800,2024-11-20,41,22140.0
setl_EH2411210279,settlement,15521915,processed,400085,0,EH2024112100000279,1732210200,2024-11-21,30,63050.0
setl_EH2411220280,settlement,22764903,processed,422097,0,EH2024112200000280,1732296600,2024-11-22,31,2630.0
setl_EH2411240281,settlement,20312268,processed,375732,0,EH2024112400000281,1732469400,2024-11-24,34,1860.0
setl_EH2411250282,settlement,21774870,processed,399130,0,EH2024112500000282,1732555800,2024-11-25,34,0
setl_EH2411260283,settlement,53479523,processed,996477,0,EH2024112600000283,1732642200,2024-11-26,64,8840.0
setl_EH2411270284,settlement,26034003,processed,478997,0,EH2024112700000284,1732728600,2024-11-27,31,980.0
setl_EH2411280285,settlement,15343215,processed,285785,0,EH2024112800000285,1732815000,2024-11-28,23,2480.0
setl_EH2411290286,settlement,28611587,processed,549413,0,EH2024112900000286,1732901400,2024-11-29,40,13620.0
setl_EH2412010287,settlement,19920667,processed,368333,0,EH2024120100000287,1733074200,2024-12-01,25,1740.0
setl_EH2412020288,settlement,13153194,processed,292806,0,EH2024120200000288,1733160600,2024-12-02,22,28210.0
setl_EH2412030289,settlement,62572103,processed,1170897,0,EH2024120300000289,1733247000,2024-12-03,65,13070.0
setl_EH2412040290,settlement,20019987,processed,443013,0,EH2024120400000290,1733333400,2024-12-04,31,41490.0
setl_EH2412050291,settlement,15831829,processed,316170,0,EH2024120500000291,1733419800,2024-12-05,33,14170.0
setl_EH2412060292,settlement,18514006,processed,480994,0,EH2024120600000292,1733506200,2024-12-06,37,77270.0
setl_EH2412080293,settlement,28400631,processed,539369,0,EH2024120800000293,1733679000,2024-12-08,30,10250.0
setl_EH2412090294,settlement,17620566,processed,327434,0,EH2024120900000294,1733765400,2024-12-09,32,2430.0
setl_EH2412100295,settlement,55854418,processed,1025581,0,EH2024121000000295,1733851800,2024-12-10,64,970.0
setl_EH2412110296,settlement,20696959,processed,399041,0,EH2024121100000296,1733938200,2024-12-11,34,10730.0
setl_EH2412120297,settlement,16089329,processed,318670,0,EH2024121200000297,1734024600,2024-12-12,27,12960.0
setl_EH2412130298,settlement,29618103,processed,542896,0,EH2024121300000298,1734111000,2024-12-13,33,0
setl_EH2412150299,settlement,25718314,processed,484685,0,EH2024121500000299,1734283800,2024-12-15,35,7240.0
setl_EH2412160300,settlement,39422897,processed,738103,0,EH2024121600000300,1734370200,2024-12-16,43,8450.0
setl_EH2412170301,settlement,57606029,processed,1204971,0,EH2024121700000301,1734456600,2024-12-17,79,81320.0
setl_EH2412180302,settlement,26143821,processed,486179,0,EH2024121800000302,1734543000,2024-12-18,32,3800.0
setl_EH2412190303,settlement,16314779,processed,309221,0,EH2024121900000303,1734629400,2024-12-19,34,5550.0
setl_EH2412200304,settlement,26999387,processed,502613,0,EH2024122000000304,1734715800,2024-12-20,39,4210.0
setl_EH2412220305,settlement,18737006,processed,347994,0,EH2024122200000305,1734888600,2024-12-22,32,2480.0
setl_EH2412230306,settlement,31573988,processed,591012,0,EH2024122300000306,1734975000,2024-12-23,36,6690.0
setl_EH2412240307,settlement,51001091,processed,942909,0,EH2024122400000307,1735061400,2024-12-24,68,4400.0
setl_EH2412250308,settlement,19052920,processed,386080,0,EH2024122500000308,1735147800,2024-12-25,29,20100.0
setl_EH2412260309,settlement,31594336,processed,587664,0,EH2024122600000309,1735234200,2024-12-26,34,4660.0
setl_EH2412270310,settlement,21906866,processed,411134,0,EH2024122700000310,1735320600,2024-12-27,38,5230.0
setl_EH2412290311,settlement,29921600,processed,552400,0,EH2024122900000311,1735493400,2024-12-29,35,2150.0
setl_EH2412300312,settlement,33158226,processed,648774,0,EH2024123000000312,1735579800,2024-12-30,40,22360.0
setl_EH2412310313,settlement,53350290,processed,1016710,0,EH2024123100000313,1735666200,2024-12-31,60,21170.0
setl_EH2501010314,settlement,21475401,processed,406599,0,EH2025010100000314,1735752600,2025-01-01,36,7070.0
setl_EH2501020315,settlement,33012109,processed,611890,0,EH2025010200000315,1735839000,2025-01-02,30,3700.0
setl_EH2501030316,settlement,12378635,processed,246365,0,EH2025010300000316,1735925400,2025-01-03,24,10620.0
setl_EH2501050317,settlement,10231439,processed,201561,0,EH2025010500000317,1736098200,2025-01-05,20,7650.0
setl_EH2501060318,settlement,25816845,processed,488155,0,EH2025010600000318,1736184600,2025-01-06,41,8150.0
setl_EH2501070319,settlement,32421455,processed,631545,0,EH2025010700000319,1736271000,2025-01-07,53,20330.0
setl_EH2501080320,settlement,13704535,processed,254464,0,EH2025010800000320,1736357400,2025-01-08,28,1780.0
setl_EH2501090321,settlement,23560136,processed,448864,0,EH2025010900000321,1736443800,2025-01-09,40,9280.0
setl_EH2501100322,settlement,40280040,processed,757960,0,EH2025011000000322,1736530200,2025-01-10,40,10710.0
setl_EH2501120323,settlement,23351236,processed,429764,0,EH2025011200000323,1736703000,2025-01-12,32,950.0
setl_EH2501130324,settlement,29011230,processed,531770,0,EH2025011300000324,1736789400,2025-01-13,30,0
setl_EH2501140325,settlement,61339809,processed,1147191,0,EH2025011400000325,1736875800,2025-01-14,60,12460.0
setl_EH2501150326,settlement,21109720,processed,431280,0,EH2025011500000326,1736962200,2025-01-15,30,24190.0
setl_EH2501160327,settlement,21984028,processed,439972,0,EH2025011600000327,1737048600,2025-01-16,28,20190.0
setl_EH2501170328,settlement,33399184,processed,622815,0,EH2025011700000328,1737135000,2025-01-17,47,5790.0
setl_EH2501190329,settlement,26143788,processed,479212,0,EH2025011900000329,1737307800,2025-01-19,30,0
setl_EH2501200330,settlement,44621708,processed,824292,0,EH2025012000000330,1737394200,2025-01-20,30,3480.0
setl_EH2501210331,settlement,19229049,processed,488951,0,EH2025012100000331,1737480600,2025-01-21,47,74460.0
setl_EH2501220332,settlement,18006112,processed,361888,0,EH2025012200000332,1737567000,2025-01-22,34,17370.0
setl_EH2501230333,settlement,22783140,processed,425860,0,EH2025012300000333,1737653400,2025-01-23,34,4500.0
setl_EH2501240334,settlement,19274059,processed,372941,0,EH2025012400000334,1737739800,2025-01-24,33,10720.0
setl_EH2501260335,settlement,19935526,processed,377474,0,EH2025012600000335,1737912600,2025-01-26,33,6580.0
setl_EH2501270336,settlement,24322880,processed,454120,0,EH2025012700000336,1737999000,2025-01-27,23,4520.0
setl_EH2501280337,settlement,31424277,processed,577723,0,EH2025012800000337,1738085400,2025-01-28,49,940.0
setl_EH2501290338,settlement,22641162,processed,447838,0,EH2025012900000338,1738171800,2025-01-29,41,17910.0
setl_EH2501300339,settlement,21044863,processed,418137,0,EH2025013000000339,1738258200,2025-01-30,24,17670.0
setl_EH2501310340,settlement,19472080,processed,356920,0,EH2025013100000340,1738344600,2025-01-31,25,0
setl_EH2502020341,settlement,34494240,processed,687760,0,EH2025020200000341,1738517400,2025-02-02,32,30270.0
setl_EH2502030342,settlement,19239722,processed,359278,0,EH2025020300000342,1738603800,2025-02-03,34,3610.0
setl_EH2502040343,settlement,44614565,processed,842435,0,EH2025020400000343,1738690200,2025-02-04,64,13450.0
setl_EH2502050344,settlement,33926138,processed,621862,0,EH2025020500000344,1738776600,2025-02-05,42,0
setl_EH2502060345,settlement,18458293,processed,372707,0,EH2025020600000345,1738863000,2025-02-06,36,18750.0
setl_EH2502070346,settlement,14967151,processed,275848,0,EH2025020700000346,1738949400,2025-02-07,28,820.0
setl_EH2502090347,settlement,11826237,processed,244763,0,EH2025020900000347,1739122200,2025-02-09,24,15270.0
setl_EH2502100348,settlement,26054076,processed,487924,0,EH2025021000000348,1739208600,2025-02-10,39,5650.0
setl_EH2502110349,settlement,42959556,processed,787444,0,EH2025021100000349,1739295000,2025-02-11,55,0
setl_EH2502120350,settlement,20759883,processed,422117,0,EH2025021200000350,1739381400,2025-02-12,27,22690.0
setl_EH2502130351,settlement,21634188,processed,399812,0,EH2025021300000351,1739467800,2025-02-13,30,1780.0
setl_EH2502140352,settlement,22943619,processed,446381,0,EH2025021400000352,1739554200,2025-02-14,37,14090.0
setl_EH2502160353,settlement,27672531,processed,509469,0,EH2025021600000353,1739727000,2025-02-16,34,1220.0
setl_EH2502170354,settlement,33188792,processed,618208,0,EH2025021700000354,1739813400,2025-02-17,38,5380.0
setl_EH2502180355,settlement,53181065,processed,979935,0,EH2025021800000355,1739899800,2025-02-18,58,2800.0
setl_EH2502190356,settlement,20093686,processed,368314,0,EH2025021900000356,1739986200,2025-02-19,28,0
setl_EH2502200357,settlement,14787746,processed,302254,0,EH2025022000000357,1740072600,2025-02-20,24,17020.0
setl_EH2502210358,settlement,17721483,processed,335517,0,EH2025022100000358,1740159000,2025-02-21,32,5830.0
setl_EH2502230359,settlement,26643646,processed,517354,0,EH2025022300000359,1740331800,2025-02-23,38,15810.0
setl_EH2502240360,settlement,28954984,processed,567015,0,EH2025022400000360,1740418200,2025-02-24,33,19790.0
setl_EH2502250361,settlement,47038009,processed,865991,0,EH2025022500000361,1740504600,2025-02-25,70,2070.0
setl_EH2502260362,settlement,26455501,processed,517499,0,EH2025022600000362,1740591000,2025-02-26,38,17770.0
setl_EH2502270363,settlement,25025943,processed,491057,0,EH2025022700000363,1740677400,2025-02-27,36,17640.0
setl_EH2502280364,settlement,35577057,processed,672943,0,EH2025022800000364,1740763800,2025-02-28,39,11360.0
setl_EH2503020365,settlement,26804250,processed,499750,0,EH2025030200000365,1740936600,2025-03-02,37,4600.0
setl_EH2503030366,settlement,23273783,processed,439217,0,EH2025030300000366,1741023000,2025-03-03,28,6880.0
setl_EH2503040367,settlement,58801298,processed,1105702,0,EH2025030400000367,1741109400,2025-03-04,86,15210.0
setl_EH2503050368,settlement,26051529,processed,480471,0,EH2025030500000368,1741195800,2025-03-05,33,1610.0
setl_EH2503060369,settlement,13455760,processed,255239,0,EH2025030600000369,1741282200,2025-03-06,26,4690.0
setl_EH2503070370,settlement,37245361,processed,708639,0,EH2025030700000370,1741368600,2025-03-07,39,14150.0
setl_EH2503090371,settlement,18392380,processed,361620,0,EH2025030900000371,1741541400,2025-03-09,25,13360.0
setl_EH2503100372,settlement,23790462,processed,479538,0,EH2025031000000372,1741627800,2025-03-10,27,23710.0
setl_EH2503110373,settlement,59646955,processed,1113045,0,EH2025031100000373,1741714200,2025-03-11,71,10760.0
setl_EH2503120374,settlement,34818427,processed,657573,0,EH2025031200000374,1741800600,2025-03-12,38,10560.0
setl_EH2503130375,settlement,24028333,processed,464667,0,EH2025031300000375,1741887000,2025-03-13,33,13220.0
setl_EH2503140376,settlement,24968334,processed,457666,0,EH2025031400000376,1741973400,2025-03-14,34,0
setl_EH2503160377,settlement,12413029,processed,315971,0,EH2025031600000377,1742146200,2025-03-16,28,48250.0
setl_EH2503170378,settlement,28080851,processed,516149,0,EH2025031700000378,1742232600,2025-03-17,34,780.0
setl_EH2503180379,settlement,53117364,processed,973636,0,EH2025031800000379,1742319000,2025-03-18,64,0
setl_EH2503190380,settlement,23435792,processed,431208,0,EH2025031900000380,1742405400,2025-03-19,28,890.0
setl_EH2503200381,settlement,17853156,processed,342844,0,EH2025032000000381,1742491800,2025-03-20,34,8510.0
setl_EH2503210382,settlement,26804083,processed,511917,0,EH2025032100000382,1742578200,2025-03-21,37,11240.0
setl_EH2503230383,settlement,27718156,processed,513844,0,EH2025032300000383,1742751000,2025-03-23,35,3150.0
setl_EH2503240384,settlement,19199887,processed,354113,0,EH2025032400000384,1742837400,2025-03-24,32,1190.0
setl_EH2503250385,settlement,30315008,processed,635992,0,EH2025032500000385,1742923800,2025-03-25,59,43820.0
setl_EH2503260386,settlement,19239731,processed,358269,0,EH2025032600000386,1743010200,2025-03-26,30,3060.0
setl_EH2503270387,settlement,24220501,processed,445499,0,EH2025032700000387,1743096600,2025-03-27,38,840.0
setl_EH2503280388,settlement,28494139,processed,522860,0,EH2025032800000388,1743183000,2025-03-28,36,310.0
setl_EH2503300389,settlement,17969619,processed,329381,0,EH2025033000000389,1743355800,2025-03-30,23,0
setl_EH2503310390,settlement,14665976,processed,289023,0,EH2025033100000390,1743442200,2025-03-31,25,11020.0
setl_EH2504010391,settlement,40163209,processed,738791,0,EH2025040100000391,1743528600,2025-04-01,58,1420.0
setl_EH2504020392,settlement,16498851,processed,318149,0,EH2025040200000392,1743615000,2025-04-02,29,8580.0
setl_EH2504030393,settlement,24724572,processed,479428,0,EH2025040300000393,1743701400,2025-04-03,34,14310.0
setl_EH2504040394,settlement,23125474,processed,435526,0,EH2025040400000394,1743787800,2025-04-04,34,6350.0
setl_EH2504060395,settlement,24081333,processed,493667,0,EH2025040600000395,1743960600,2025-04-06,37,28510.0
setl_EH2504070396,settlement,13995629,processed,269370,0,EH2025040700000396,1744047000,2025-04-07,27,7000.0
setl_EH2504080397,settlement,47272061,processed,867939,0,EH2025040800000397,1744133400,2025-04-08,61,790.0
setl_EH2504090398,settlement,40328072,processed,762928,0,EH2025040900000398,1744219800,2025-04-09,41,12940.0
setl_EH2504100399,settlement,22970037,processed,467963,0,EH2025041000000399,1744306200,2025-04-10,34,25600.0
setl_EH2504110400,settlement,20220362,processed,370638,0,EH2025041100000400,1744392600,2025-04-11,29,0
setl_EH2504130401,settlement,20760050,processed,389950,0,EH2025041300000401,1744565400,2025-04-13,34,5140.0
setl_EH2504140402,settlement,19660623,processed,369377,0,EH2025041400000402,1744651800,2025-04-14,31,4910.0
setl_EH2504150403,settlement,52366305,processed,967695,0,EH2025041500000403,1744738200,2025-04-15,71,4270.0
setl_EH2504160404,settlement,36696589,processed,695411,0,EH2025041600000404,1744824600,2025-04-16,40,12420.0
setl_EH2504170405,settlement,30954962,processed,577038,0,EH2025041700000405,1744911000,2025-04-17,42,5260.0
setl_EH2504180406,settlement,11820692,processed,383308,0,EH2025041800000406,1744997400,2025-04-18,31,90910.0
setl_EH2504200407,settlement,13355691,processed,419309,0,EH2025042000000407,1745170200,2025-04-20,32,95200.0
setl_EH2504210408,settlement,32459030,processed,594970,0,EH2025042100000408,1745256600,2025-04-21,36,0
setl_EH2504220409,settlement,34169677,processed,626323,0,EH2025042200000409,1745343000,2025-04-22,63,0
setl_EH2504230410,settlement,40399545,processed,764455,0,EH2025042300000410,1745429400,2025-04-23,45,13060.0
setl_EH2504240411,settlement,14319382,processed,282617,0,EH2025042400000411,1745515800,2025-04-24,28,10990.0
setl_EH2504250412,settlement,16237976,processed,300024,0,EH2025042500000412,1745602200,2025-04-25,24,1300.0
setl_EH2504270413,settlement,23559365,processed,453635,0,EH2025042700000413,1745775000,2025-04-27,36,11890.0
setl_EH2504280414,settlement,22433795,processed,411205,0,EH2025042800000414,1745861400,2025-04-28,33,0
setl_EH2504290415,settlement,43300245,processed,808755,0,EH2025042900000415,1745947800,2025-04-29,69,8220.0
setl_EH2504300416,settlement,28976363,processed,548637,0,EH2025043000000416,1746034200,2025-04-30,35,9550.0
setl_EH2505010417,settlement,31216417,processed,577583,0,EH2025050100000417,1746120600,2025-05-01,42,2940.0
setl_EH2505020418,settlement,35811724,processed,678276,0,EH2025050200000418,1746207000,2025-05-02,40,11920.0
setl_EH2505040419,settlement,16574507,processed,307492,0,EH2025050400000419,1746379800,2025-05-04,30,2010.0
setl_EH2505050420,settlement,21491005,processed,399995,0,EH2025050500000420,1746466200,2025-05-05,26,3310.0
setl_EH2505060421,settlement,41578126,processed,778874,0,EH2025050600000421,1746552600,2025-05-06,61,9140.0
setl_EH2505070422,settlement,24149558,processed,445442,0,EH2025050700000422,1746639000,2025-05-07,29,1520.0
setl_EH2505080423,settlement,20713713,processed,387287,0,EH2025050800000423,1746725400,2025-05-08,34,4150.0
setl_EH2505090424,settlement,21082230,processed,398770,0,EH2025050900000424,1746811800,2025-05-09,30,6730.0
setl_EH2505110425,settlement,20372573,processed,373427,0,EH2025051100000425,1746984600,2025-05-11,36,0
setl_EH2505120426,settlement,28655746,processed,552254,0,EH2025051200000426,1747071000,2025-05-12,43,14730.0
setl_EH2505130427,settlement,47172260,processed,871740,0,EH2025051300000427,1747157400,2025-05-13,65,3860.0
setl_EH2505140428,settlement,29977331,processed,561669,0,EH2025051400000428,1747243800,2025-05-14,33,6650.0
setl_EH2505150429,settlement,14876822,processed,290178,0,EH2025051500000429,1747330200,2025-05-15,24,9540.0
setl_EH2505160430,settlement,25952689,processed,487310,0,EH2025051600000430,1747416600,2025-05-16,45,6330.0
setl_EH2505180431,settlement,20846179,processed,400821,0,EH2025051800000431,1747589400,2025-05-18,34,10210.0
setl_EH2505190432,settlement,26780957,processed,503043,0,EH2025051900000432,1747675800,2025-05-19,38,6630.0
setl_EH2505200433,settlement,44205066,processed,810934,0,EH2025052000000433,1747762200,2025-05-20,61,360.0
setl_EH2505210434,settlement,36913592,processed,679408,0,EH2025052100000434,1747848600,2025-05-21,36,1520.0
setl_EH2505220435,settlement,19718005,processed,363995,0,EH2025052200000435,1747935000,2025-05-22,27,1400.0
setl_EH2505230436,settlement,20288885,processed,388115,0,EH2025052300000436,1748021400,2025-05-23,39,8850.0
setl_EH2505250437,settlement,9852118,processed,214882,0,EH2025052500000437,1748194200,2025-05-25,21,18710.0
setl_EH2505260438,settlement,23815464,processed,436535,0,EH2025052600000438,1748280600,2025-05-26,29,0
setl_EH2505270439,settlement,52215724,processed,982276,0,EH2025052700000439,1748367000,2025-05-27,70,13730.0
setl_EH2505280440,settlement,36285666,processed,672334,0,EH2025052800000440,1748453400,2025-05-28,32,3940.0
setl_EH2505290441,settlement,14292859,processed,263141,0,EH2025052900000441,1748539800,2025-05-29,24,630.0
setl_EH2505300442,settlement,26715692,processed,509308,0,EH2025053000000442,1748626200,2025-05-30,33,10700.0
setl_EH2506010443,settlement,11064422,processed,203578,0,EH2025060100000443,1748799000,2025-06-01,23,420.0
setl_EH2506020444,settlement,29039196,processed,564804,0,EH2025060200000444,1748885400,2025-06-02,33,17740.0
setl_EH2506030445,settlement,62966823,processed,1154177,0,EH2025060300000445,1748971800,2025-06-03,65,0
setl_EH2506040446,settlement,21255812,processed,431188,0,EH2025060400000446,1749058200,2025-06-04,33,22680.0
setl_EH2506050447,settlement,18693356,processed,342644,0,EH2025060500000447,1749144600,2025-06-05,30,0
setl_EH2506060448,settlement,22036547,processed,417453,0,EH2025060600000448,1749231000,2025-06-06,35,7380.0
setl_EH2506080449,settlement,12346854,processed,349146,0,EH2025060800000449,1749403800,2025-06-08,25,67010.0
setl_EH2506090450,settlement,13308698,processed,389302,0,EH2025060900000450,1749490200,2025-06-09,34,79300.0
setl_EH2506100451,settlement,41593295,processed,777705,0,EH2025061000000451,1749576600,2025-06-10,68,8350.0
setl_EH2506110452,settlement,23177217,processed,431783,0,EH2025061100000452,1749663000,2025-06-11,30,3790.0
setl_EH2506120453,settlement,28940007,processed,534993,0,EH2025061200000453,1749749400,2025-06-12,34,2470.0
setl_EH2506130454,settlement,15604087,processed,319913,0,EH2025061300000454,1749835800,2025-06-13,36,18490.0
setl_EH2506150455,settlement,20847851,processed,397149,0,EH2025061500000455,1750008600,2025-06-15,37,8190.0
setl_EH2506160456,settlement,17189528,processed,343472,0,EH2025061600000456,1750095000,2025-06-16,27,15490.0
setl_EH2506170457,settlement,46487947,processed,860053,0,EH2025061700000457,1750181400,2025-06-17,67,4330.0
setl_EH2506180458,settlement,31767967,processed,587033,0,EH2025061800000458,1750267800,2025-06-18,34,2580.0
setl_EH2506190459,settlement,22989431,processed,429568,0,EH2025061900000459,1750354200,2025-06-19,28,4460.0
setl_EH2506200460,settlement,17816637,processed,347363,0,EH2025062000000460,1750440600,2025-06-20,30,11340.0
setl_EH2506220461,settlement,16281063,processed,304937,0,EH2025062200000461,1750613400,2025-06-22,26,3550.0
setl_EH2506230462,settlement,15406979,processed,293021,0,EH2025062300000462,1750699800,2025-06-23,31,5790.0
setl_EH2506240463,settlement,52492709,processed,966291,0,EH2025062400000463,1750786200,2025-06-24,72,2240.0
setl_EH2506250464,settlement,13186573,processed,265427,0,EH2025062500000464,1750872600,2025-06-25,23,12940.0
setl_EH2506260465,settlement,13716022,processed,426978,0,EH2025062600000465,1750959000,2025-06-26,34,95780.0
setl_EH2506270466,settlement,32921027,processed,635973,0,EH2025062700000466,1751045400,2025-06-27,37,17750.0
setl_EH2506290467,settlement,41396303,processed,760697,0,EH2025062900000467,1751218200,2025-06-29,39,1040.0
setl_EH2506300468,settlement,50188351,processed,923649,0,EH2025063000000468,1751304600,2025-06-30,40,2020.0
setl_EH2507010469,settlement,38634603,processed,732397,0,EH2025070100000469,1751391000,2025-07-01,67,13220.0
setl_EH2507020470,settlement,34805213,processed,639787,0,EH2025070200000470,1751477400,2025-07-02,39,990.0
setl_EH2507030471,settlement,25038899,processed,488101,0,EH2025070300000471,1751563800,2025-07-03,32,15900.0
setl_EH2507040472,settlement,16776776,processed,359223,0,EH2025070400000472,1751650200,2025-07-04,35,28210.0
setl_EH2507060473,settlement,38795764,processed,716236,0,EH2025070600000473,1751823000,2025-07-06,38,2790.0
setl_EH2507070474,settlement,15803326,processed,289673,0,EH2025070700000474,1751909400,2025-07-07,26,0
setl_EH2507080475,settlement,42859571,processed,794429,0,EH2025070800000475,1751995800,2025-07-08,63,4810.0
setl_EH2507090476,settlement,28632551,processed,531449,0,EH2025070900000476,1752082200,2025-07-09,39,3610.0
setl_EH2507100477,settlement,16645595,processed,314405,0,EH2025071000000477,1752168600,2025-07-10,28,5070.0
setl_EH2507110478,settlement,34456457,processed,662543,0,EH2025071100000478,1752255000,2025-07-11,36,16890.0
setl_EH2507130479,settlement,29931013,processed,585987,0,EH2025071300000479,1752427800,2025-07-13,36,20380.0
setl_EH2507140480,settlement,33780227,processed,639773,0,EH2025071400000480,1752514200,2025-07-14,38,11230.0
setl_EH2507150481,settlement,43688846,processed,843154,0,EH2025071500000481,1752600600,2025-07-15,58,23100.0
setl_EH2507160482,settlement,40125332,processed,743668,0,EH2025071600000482,1752687000,2025-07-16,39,4460.0
setl_EH2507170483,settlement,39510894,processed,736106,0,EH2025071700000483,1752773400,2025-07-17,40,6480.0
setl_EH2507180484,settlement,21341928,processed,394072,0,EH2025071800000484,1752859800,2025-07-18,33,1570.0
setl_EH2507200485,settlement,40256238,processed,741762,0,EH2025072000000485,1753032600,2025-07-20,44,2110.0
setl_EH2507210486,settlement,16247617,processed,298383,0,EH2025072100000486,1753119000,2025-07-21,30,310.0
setl_EH2507220487,settlement,41932366,processed,775634,0,EH2025072200000487,1753205400,2025-07-22,64,3830.0
setl_EH2507230488,settlement,23468493,processed,446507,0,EH2025072300000488,1753291800,2025-07-23,34,8910.0
setl_EH2507240489,settlement,24699026,processed,453974,0,EH2025072400000489,1753378200,2025-07-24,32,680.0
setl_EH2507250490,settlement,33203703,processed,636296,0,EH2025072500000490,1753464600,2025-07-25,45,15100.0
setl_EH2507270491,settlement,32082925,processed,588075,0,EH2025072700000491,1753637400,2025-07-27,36,0
setl_EH2507280492,settlement,21720433,processed,404567,0,EH2025072800000492,1753723800,2025-07-28,34,3510.0
setl_EH2507290493,settlement,52517342,processed,983658,0,EH2025072900000493,1753810200,2025-07-29,72,11470.0
setl_EH2507300494,settlement,23030129,processed,442871,0,EH2025073000000494,1753896600,2025-07-30,27,11310.0
setl_EH2507310495,settlement,14324312,processed,273688,0,EH2025073100000495,1753983000,2025-07-31,30,6070.0
setl_EH2508010496,settlement,25482212,processed,470788,0,EH2025080100000496,1754069400,2025-08-01,30,2020.0
setl_EH2508030497,settlement,29567601,processed,550399,0,EH2025080300000497,1754242200,2025-08-03,35,4600.0
setl_EH2508040498,settlement,25165510,processed,480489,0,EH2025080400000498,1754328600,2025-08-04,34,10480.0
setl_EH2508050499,settlement,50636842,processed,970158,0,EH2025080500000499,1754415000,2025-08-05,64,22910.0
setl_EH2508060500,settlement,23056706,processed,424293,0,EH2025080600000500,1754501400,2025-08-06,32,910.0
setl_EH2508070501,settlement,21607402,processed,399598,0,EH2025080700000501,1754587800,2025-08-07,37,1930.0
setl_EH2508080502,settlement,23351083,processed,450917,0,EH2025080800000502,1754674200,2025-08-08,37,12490.0
setl_EH2508100503,settlement,34489614,processed,638386,0,EH2025081000000503,1754847000,2025-08-10,37,3380.0
setl_EH2508110504,settlement,22408388,processed,423612,0,EH2025081100000504,1754933400,2025-08-11,37,7020.0
setl_EH2508120505,settlement,47171697,processed,889303,0,EH2025081200000505,1755019800,2025-08-12,68,13450.0
setl_EH2508130506,settlement,12501626,processed,283374,0,EH2025081300000506,1755106200,2025-08-13,26,29580.0
setl_EH2508140507,settlement,16558548,processed,345452,0,EH2025081400000507,1755192600,2025-08-14,32,22880.0
setl_EH2508150508,settlement,26965721,processed,494278,0,EH2025081500000508,1755279000,2025-08-15,32,0
setl_EH2508170509,settlement,27104134,processed,520866,0,EH2025081700000509,1755451800,2025-08-17,41,13120.0
setl_EH2508180510,settlement,24633470,processed,451530,0,EH2025081800000510,1755538200,2025-08-18,28,0
setl_EH2508190511,settlement,30628812,processed,564188,0,EH2025081900000511,1755624600,2025-08-19,55,1510.0
setl_EH2508200512,settlement,22145042,processed,410958,0,EH2025082000000512,1755711000,2025-08-20,32,2750.0
setl_EH2508210513,settlement,26024087,processed,497913,0,EH2025082100000513,1755797400,2025-08-21,37,11400.0
setl_EH2508220514,settlement,23540627,processed,445373,0,EH2025082200000514,1755883800,2025-08-22,33,7570.0
setl_EH2508240515,settlement,22778809,processed,420191,0,EH2025082400000515,1756056600,2025-08-24,28,1450.0
setl_EH2508250516,settlement,18826583,processed,354417,0,EH2025082500000516,1756143000,2025-08-25,27,5090.0
setl_EH2508260517,settlement,43263382,processed,793618,0,EH2025082600000517,1756229400,2025-08-26,64,330.0
setl_EH2508270518,settlement,26508299,processed,502701,0,EH2025082700000518,1756315800,2025-08-27,39,9170.0
setl_EH2508280519,settlement,19586674,processed,365326,0,EH2025082800000519,1756402200,2025-08-28,28,3440.0
setl_EH2508290520,settlement,34113420,processed,633580,0,EH2025082900000520,1756488600,2025-08-29,37,4520.0
setl_EH2508310521,settlement,15245567,processed,304433,0,EH2025083100000521,1756661400,2025-08-31,28,13630.0
setl_EH2509010522,settlement,37680722,processed,710278,0,EH2025090100000522,1756747800,2025-09-01,37,10690.0
setl_EH2509020523,settlement,49714431,processed,940569,0,EH2025090200000523,1756834200,2025-09-02,60,15990.0
setl_EH2509030524,settlement,34003545,processed,633455,0,EH2025090300000524,1756920600,2025-09-03,40,5550.0
setl_EH2509040525,settlement,35937586,processed,700414,0,EH2025090400000525,1757007000,2025-09-04,43,22740.0
setl_EH2509050526,settlement,24270645,processed,463355,0,EH2025090500000526,1757093400,2025-09-05,38,10080.0
setl_EH2509070527,settlement,32192856,processed,617144,0,EH2025090700000527,1757266200,2025-09-07,39,14760.0
setl_EH2509080528,settlement,14151535,processed,281464,0,EH2025090800000528,1757352600,2025-09-08,25,12040.0
setl_EH2509090529,settlement,51560485,processed,947515,0,EH2025090900000529,1757439000,2025-09-09,69,1320.0
setl_EH2509100530,settlement,42013148,processed,777852,0,EH2025091000000530,1757525400,2025-09-10,36,4230.0
setl_EH2509110531,settlement,17849927,processed,385073,0,EH2025091100000531,1757611800,2025-09-11,31,31580.0
setl_EH2509120532,settlement,25722787,processed,477213,0,EH2025091200000532,1757698200,2025-09-12,37,3120.0
setl_EH2509140533,settlement,18050456,processed,347544,0,EH2025091400000533,1757871000,2025-09-14,33,9100.0
setl_EH2509150534,settlement,23557000,processed,473000,0,EH2025091500000534,1757957400,2025-09-15,32,22480.0
setl_EH2509160535,settlement,39981329,processed,757671,0,EH2025091600000535,1758043800,2025-09-16,60,13540.0
setl_EH2509170536,settlement,20069420,processed,381580,0,EH2025091700000536,1758130200,2025-09-17,29,7480.0
setl_EH2509180537,settlement,19742128,processed,361872,0,EH2025091800000537,1758216600,2025-09-18,39,0
setl_EH2509190538,settlement,37099412,processed,722588,0,EH2025091900000538,1758303000,2025-09-19,47,23220.0
setl_EH2509210539,settlement,19819261,processed,376739,0,EH2025092100000539,1758475800,2025-09-21,29,7340.0
setl_EH2509220540,settlement,14500937,processed,314063,0,EH2025092200000540,1758562200,2025-09-22,27,26330.0
setl_EH2509230541,settlement,49329884,processed,906116,0,EH2025092300000541,1758648600,2025-09-23,69,1040.0
setl_EH2509240542,settlement,29317534,processed,540465,0,EH2025092400000542,1758735000,2025-09-24,36,1680.0
setl_EH2509250543,settlement,23790412,processed,438588,0,EH2025092500000543,1758821400,2025-09-25,38,1370.0
setl_EH2509260544,settlement,20402171,processed,412829,0,EH2025092600000544,1758907800,2025-09-26,35,21200.0
setl_EH2509280545,settlement,29538328,processed,550672,0,EH2025092800000545,1759080600,2025-09-28,40,5040.0
setl_EH2509290546,settlement,17674038,processed,323962,0,EH2025092900000546,1759167000,2025-09-29,29,0
setl_EH2509300547,settlement,50725802,processed,934198,0,EH2025093000000547,1759253400,2025-09-30,76,2400.0
setl_EH2510010548,settlement,28641420,processed,561580,0,EH2025100100000548,1759339800,2025-10-01,36,19960.0
setl_EH2510020549,settlement,30701137,processed,585863,0,EH2025100200000549,1759426200,2025-10-02,47,12610.0
setl_EH2510030550,settlement,18562748,processed,342252,0,EH2025100300000550,1759512600,2025-10-03,30,1090.0
setl_EH2510050551,settlement,15100950,processed,292050,0,EH2025100500000551,1759685400,2025-10-05,25,8320.0
setl_EH2510060552,settlement,33975080,processed,626920,0,EH2025100600000552,1759771800,2025-10-06,32,2270.0
setl_EH2510070553,settlement,48471552,processed,900448,0,EH2025100700000553,1759858200,2025-10-07,75,6530.0
setl_EH2510080554,settlement,43687219,processed,800781,0,EH2025100800000554,1759944600,2025-10-08,35,0
setl_EH2510090555,settlement,22761555,processed,427445,0,EH2025100900000555,1760031000,2025-10-09,35,5580.0
setl_EH2510100556,settlement,26101535,processed,513464,0,EH2025101000000556,1760117400,2025-10-10,23,19110.0
setl_EH2510120557,settlement,20508396,processed,393604,0,EH2025101200000557,1760290200,2025-10-12,39,9650.0
setl_EH2510130558,settlement,31286198,processed,575802,0,EH2025101300000558,1760376600,2025-10-13,41,1270.0
setl_EH2510140559,settlement,44050444,processed,808556,0,EH2025101400000559,1760463000,2025-10-14,62,610.0
setl_EH2510150560,settlement,18370815,processed,345185,0,EH2025101500000560,1760549400,2025-10-15,24,4610.0
setl_EH2510160561,settlement,22795997,processed,442003,0,EH2025101600000561,1760635800,2025-10-16,34,13180.0
setl_EH2510170562,settlement,15799364,processed,307636,0,EH2025101700000562,1760722200,2025-10-17,28,9840.0
setl_EH2510190563,settlement,30675127,processed,564873,0,EH2025101900000563,1760895000,2025-10-19,39,1420.0
setl_EH2510200564,settlement,18582325,processed,341675,0,EH2025102000000564,1760981400,2025-10-20,31,580.0
setl_EH2510210565,settlement,66059359,processed,1219641,0,EH2025102100000565,1761067800,2025-10-21,76,4790.0
setl_EH2510220566,settlement,31500031,processed,605969,0,EH2025102200000566,1761154200,2025-10-22,38,15590.0
setl_EH2510230567,settlement,18487031,processed,353969,0,EH2025102300000567,1761240600,2025-10-23,32,8240.0
setl_EH2510240568,settlement,20611935,processed,391065,0,EH2025102400000568,1761327000,2025-10-24,32,7230.0
setl_EH2510260569,settlement,22429206,processed,518793,0,EH2025102600000569,1761499800,2025-10-26,34,58740.0
setl_EH2510270570,settlement,20696167,processed,390833,0,EH2025102700000570,1761586200,2025-10-27,33,6260.0
setl_EH2510280571,settlement,47700301,processed,882699,0,EH2025102800000571,1761672600,2025-10-28,62,4560.0
setl_EH2510290572,settlement,21295511,processed,401489,0,EH2025102900000572,1761759000,2025-10-29,33,6080.0
setl_EH2510300573,settlement,17129137,processed,315863,0,EH2025103000000573,1761845400,2025-10-30,30,1030.0
setl_EH2510310574,settlement,15552000,processed,331000,0,EH2025103100000574,1761931800,2025-10-31,28,25060.0
setl_EH2511020575,settlement,21901324,processed,422676,0,EH2025110200000575,1762104600,2025-11-02,26,11580.0
setl_EH2511030576,settlement,27688536,processed,533464,0,EH2025110300000576,1762191000,2025-11-03,41,14150.0
setl_EH2511040577,settlement,53893709,processed,1000291,0,EH2025110400000577,1762277400,2025-11-04,85,6780.0
setl_EH2511050578,settlement,19478138,processed,396862,0,EH2025110500000578,1762363800,2025-11-05,34,21730.0
setl_EH2511060579,settlement,31298805,processed,576195,0,EH2025110600000579,1762450200,2025-11-06,41,1360.0
setl_EH2511070580,settlement,28073449,processed,528551,0,EH2025110700000580,1762536600,2025-11-07,43,7620.0
setl_EH2511090581,settlement,24053015,processed,490984,0,EH2025110900000581,1762709400,2025-11-09,27,27330.0
setl_EH2511100582,settlement,22466926,processed,448074,0,EH2025111000000582,1762795800,2025-11-10,36,19780.0
setl_EH2511110583,settlement,60180555,processed,1107445,0,EH2025111100000583,1762882200,2025-11-11,75,2370.0
setl_EH2511120584,settlement,34573593,processed,636407,0,EH2025111200000584,1762968600,2025-11-12,36,1460.0
setl_EH2511130585,settlement,35431545,processed,649455,0,EH2025111300000585,1763055000,2025-11-13,39,0
setl_EH2511140586,settlement,35753663,processed,659337,0,EH2025111400000586,1763141400,2025-11-14,36,2170.0
setl_EH2511160587,settlement,14300396,processed,287604,0,EH2025111600000587,1763314200,2025-11-16,29,13900.0
setl_EH2511170588,settlement,14259087,processed,317913,0,EH2025111700000588,1763400600,2025-11-17,33,30850.0
setl_EH2511180589,settlement,47708070,processed,877929,0,EH2025111800000589,1763487000,2025-11-18,76,1880.0
setl_EH2511190590,settlement,28979199,processed,573801,0,EH2025111900000590,1763573400,2025-11-19,47,23250.0
setl_EH2511200591,settlement,27574644,processed,526356,0,EH2025112000000591,1763659800,2025-11-20,30,11410.0
setl_EH2511210592,settlement,26428311,processed,489689,0,EH2025112100000592,1763746200,2025-11-21,38,2870.0
setl_EH2511230593,settlement,40410868,processed,766132,0,EH2025112300000593,1763919000,2025-11-23,51,13860.0
setl_EH2511240594,settlement,21891201,processed,415799,0,EH2025112400000594,1764005400,2025-11-24,33,7930.0
setl_EH2511250595,settlement,45608894,processed,855106,0,EH2025112500000595,1764091800,2025-11-25,74,10420.0
setl_EH2511260596,settlement,29164684,processed,548315,0,EH2025112600000596,1764178200,2025-11-26,31,7490.0
setl_EH2511270597,settlement,21124639,processed,403361,0,EH2025112700000597,1764264600,2025-11-27,37,8810.0
setl_EH2511280598,settlement,19862035,processed,402965,0,EH2025112800000598,1764351000,2025-11-28,30,21220.0
setl_EH2511300599,settlement,23871986,processed,452014,0,EH2025113000000599,1764523800,2025-11-30,34,7880.0
setl_EH2512010600,settlement,18286806,processed,335194,0,EH2025120100000600,1764610200,2025-12-01,32,0
setl_EH2512020601,settlement,55694286,processed,1023714,0,EH2025120200000601,1764696600,2025-12-02,79,1550.0
setl_EH2512030602,settlement,28340317,processed,525683,0,EH2025120300000602,1764783000,2025-12-03,39,3390.0
setl_EH2512040603,settlement,31505253,processed,584746,0,EH2025120400000603,1764869400,2025-12-04,44,3960.0
setl_EH2512050604,settlement,46348438,processed,849562,0,EH2025120500000604,1764955800,2025-12-05,50,0
setl_EH2512070605,settlement,27248426,processed,506574,0,EH2025120700000605,1765128600,2025-12-07,42,3880.0
setl_EH2512080606,settlement,31365832,processed,595168,0,EH2025120800000606,1765215000,2025-12-08,47,11040.0
setl_EH2512090607,settlement,44621100,processed,817900,0,EH2025120900000607,1765301400,2025-12-09,64,0
setl_EH2512100608,settlement,39575388,processed,736612,0,EH2025121000000608,1765387800,2025-12-10,43,6110.0
setl_EH2512110609,settlement,23532097,processed,480903,0,EH2025121100000609,1765474200,2025-12-11,33,27040.0
setl_EH2512120610,settlement,28885003,processed,532996,0,EH2025121200000610,1765560600,2025-12-12,42,1930.0
setl_EH2512140611,settlement,28586169,processed,563831,0,EH2025121400000611,1765733400,2025-12-14,33,21740.0
setl_EH2512150612,settlement,27905803,processed,531197,0,EH2025121500000612,1765819800,2025-12-15,47,10740.0
setl_EH2512160613,settlement,44946629,processed,848371,0,EH2025121600000613,1765906200,2025-12-16,79,13370.0
setl_EH2512170614,settlement,28389173,processed,531827,0,EH2025121700000614,1765992600,2025-12-17,45,6250.0
setl_EH2512180615,settlement,34723768,processed,648232,0,EH2025121800000615,1766079000,2025-12-18,50,6410.0
setl_EH2512190616,settlement,24158501,processed,445499,0,EH2025121900000616,1766165400,2025-12-19,36,1460.0
setl_EH2512210617,settlement,37754799,processed,696201,0,EH2025122100000617,1766338200,2025-12-21,38,2270.0
setl_EH2512220618,settlement,20458408,processed,394592,0,EH2025122200000618,1766424600,2025-12-22,36,10690.0
setl_EH2512230619,settlement,70249406,processed,1292594,0,EH2025122300000619,1766511000,2025-12-23,80,2690.0
setl_EH2512240620,settlement,37063655,processed,689345,0,EH2025122400000620,1766597400,2025-12-24,42,5440.0
setl_EH2512250621,settlement,32260728,processed,599271,0,EH2025122500000621,1766683800,2025-12-25,36,4330.0
setl_EH2512260622,settlement,30033028,processed,556972,0,EH2025122600000622,1766770200,2025-12-26,43,3530.0
setl_EH2512280623,settlement,19315548,processed,365452,0,EH2025122800000623,1766943000,2025-12-28,30,6220.0
setl_EH2512290624,settlement,22228283,processed,425717,0,EH2025122900000624,1767029400,2025-12-29,39,9970.0
setl_EH2512300625,settlement,59436884,processed,1118116,0,EH2025123000000625,1767115800,2025-12-30,78,15630.0
setl_EH2512310626,settlement,32803121,processed,605879,0,EH2025123100000626,1767202200,2025-12-31,35,2510.0
setl_EH2601010627,settlement,45969623,processed,891377,0,EH2026010100000627,1767288600,2026-01-01,46,26600.0
setl_EH2601020628,settlement,33082428,processed,614571,0,EH2026010200000628,1767375000,2026-01-02,43,4460.0
setl_EH2601040629,settlement,27539225,processed,520775,0,EH2026010400000629,1767547800,2026-01-04,23,8720.0
setl_EH2601050630,settlement,31264436,processed,577564,0,EH2026010500000630,1767634200,2026-01-05,43,2450.0
setl_EH2601060631,settlement,47669478,processed,887521,0,EH2026010600000631,1767720600,2026-01-06,64,7500.0
setl_EH2601070632,settlement,25816347,processed,489653,0,EH2026010700000632,1767807000,2026-01-07,37,8970.0
setl_EH2601080633,settlement,32920573,processed,603427,0,EH2026010800000633,1767893400,2026-01-08,36,0
setl_EH2601090634,settlement,19619381,processed,359619,0,EH2026010900000634,1767979800,2026-01-09,32,0
setl_EH2601110635,settlement,9337903,processed,181097,0,EH2026011100000635,1768152600,2026-01-11,18,5420.0
setl_EH2601120636,settlement,18578399,processed,388601,0,EH2026011200000636,1768239000,2026-01-12,31,26220.0
setl_EH2601130637,settlement,44979944,processed,838056,0,EH2026011300000637,1768325400,2026-01-13,72,7410.0
setl_EH2601140638,settlement,13730295,processed,275705,0,EH2026011400000638,1768411800,2026-01-14,25,13110.0
setl_EH2601150639,settlement,16178579,processed,298421,0,EH2026011500000639,1768498200,2026-01-15,27,1020.0
setl_EH2601160640,settlement,37896977,processed,696023,0,EH2026011600000640,1768584600,2026-01-16,42,750.0
setl_EH2601180641,settlement,12383114,processed,246886,0,EH2026011800000641,1768757400,2026-01-18,25,10860.0
setl_EH2601190642,settlement,22943853,processed,435147,0,EH2026011900000642,1768843800,2026-01-19,27,7960.0
setl_EH2601200643,settlement,39572613,processed,744387,0,EH2026012000000643,1768930200,2026-01-20,54,10380.0
setl_EH2601210644,settlement,14562748,processed,347252,0,EH2026012100000644,1769016600,2026-01-21,26,43820.0
setl_EH2601220645,settlement,31510746,processed,583253,0,EH2026012200000645,1769103000,2026-01-22,34,3090.0
setl_EH2601230646,settlement,22497532,processed,432468,0,EH2026012300000646,1769189400,2026-01-23,30,10960.0
setl_EH2601250647,settlement,32481568,processed,610432,0,EH2026012500000647,1769362200,2026-01-25,45,8210.0
setl_EH2601260648,settlement,16234348,processed,298652,0,EH2026012600000648,1769448600,2026-01-26,30,590.0
setl_EH2601270649,settlement,24528860,processed,486139,0,EH2026012700000649,1769535000,2026-01-27,48,19930.0
setl_EH2601280650,settlement,20959946,processed,394054,0,EH2026012800000650,1769621400,2026-01-28,26,5380.0
setl_EH2601290651,settlement,17689471,processed,334529,0,EH2026012900000651,1769707800,2026-01-29,31,5610.0
setl_EH2601300652,settlement,24093380,processed,449620,0,EH2026013000000652,1769794200,2026-01-30,34,4360.0
setl_EH2602010653,settlement,30293719,processed,555281,0,EH2026020100000653,1769967000,2026-02-01,43,0
setl_EH2602020654,settlement,24031504,processed,440496,0,EH2026020200000654,1770053400,2026-02-02,24,0
setl_EH2602030655,settlement,49509427,processed,934573,0,EH2026020300000655,1770139800,2026-02-03,67,14770.0
setl_EH2602040656,settlement,31525293,processed,615707,0,EH2026020400000656,1770226200,2026-02-04,46,20650.0
setl_EH2602050657,settlement,23372507,processed,469493,0,EH2026020500000657,1770312600,2026-02-05,39,22410.0
setl_EH2602060658,settlement,14548981,processed,268019,0,EH2026020600000658,1770399000,2026-02-06,25,730.0
setl_EH2602080659,settlement,30548215,processed,580784,0,EH2026020800000659,1770571800,2026-02-08,43,11370.0
setl_EH2602090660,settlement,20691108,processed,413892,0,EH2026020900000660,1770658200,2026-02-09,26,18890.0
setl_EH2602100661,settlement,69293852,processed,1270148,0,EH2026021000000661,1770744600,2026-02-10,98,0
setl_EH2602110662,settlement,32949046,processed,603953,0,EH2026021100000662,1770831000,2026-02-11,40,0
setl_EH2602120663,settlement,26262989,processed,490010,0,EH2026021200000663,1770917400,2026-02-12,34,4700.0
setl_EH2602130664,settlement,25995326,processed,478674,0,EH2026021300000664,1771003800,2026-02-13,37,1190.0
setl_EH2602150665,settlement,31017446,processed,585553,0,EH2026021500000665,1771176600,2026-02-15,33,9280.0
setl_EH2602160666,settlement,26400825,processed,488175,0,EH2026021600000666,1771263000,2026-02-16,35,2320.0
setl_EH2602170667,settlement,50655753,processed,947246,0,EH2026021700000667,1771349400,2026-02-17,75,10220.0
setl_EH2602180668,settlement,35778331,processed,662669,0,EH2026021800000668,1771435800,2026-02-18,42,3740.0
setl_EH2602190669,settlement,19921440,processed,374560,0,EH2026021900000669,1771522200,2026-02-19,40,5130.0
setl_EH2602200670,settlement,28781052,processed,528948,0,EH2026022000000670,1771608600,2026-02-20,38,760.0
setl_EH2602220671,settlement,26145138,processed,484862,0,EH2026022200000671,1771781400,2026-02-22,35,3070.0
setl_EH2602230672,settlement,34363036,processed,663964,0,EH2026022300000672,1771867800,2026-02-23,45,18600.0
setl_EH2602240673,settlement,57716618,processed,1072381,0,EH2026022400000673,1771954200,2026-02-24,73,7880.0
setl_EH2602250674,settlement,25267996,processed,487004,0,EH2026022500000674,1772040600,2026-02-25,35,13010.0
setl_EH2602260675,settlement,27768323,processed,526677,0,EH2026022600000675,1772127000,2026-02-26,43,9650.0
setl_EH2602270676,settlement,21550516,processed,405484,0,EH2026022700000676,1772213400,2026-02-27,36,5710.0
setl_EH2603010677,settlement,29137184,processed,541816,0,EH2026030100000677,1772386200,2026-03-01,37,4220.0
setl_EH2603020678,settlement,22463192,processed,450808,0,EH2026030200000678,1772472600,2026-03-02,35,21310.0
setl_EH2603030679,settlement,46184115,processed,854885,0,EH2026030300000679,1772559000,2026-03-03,66,4550.0
setl_EH2603040680,settlement,27090432,processed,539568,0,EH2026030400000680,1772645400,2026-03-04,29,23460.0
setl_EH2603050681,settlement,29977484,processed,551515,0,EH2026030500000681,1772731800,2026-03-05,40,1110.0
setl_EH2603060682,settlement,15901314,processed,302686,0,EH2026030600000682,1772818200,2026-03-06,29,6120.0
setl_EH2603080683,settlement,26876609,processed,499391,0,EH2026030800000683,1772991000,2026-03-08,39,3680.0
setl_EH2603090684,settlement,21254872,processed,410128,0,EH2026030900000684,1773077400,2026-03-09,30,11200.0
setl_EH2603100685,settlement,35338251,processed,652749,0,EH2026031000000685,1773163800,2026-03-10,60,2730.0
setl_EH2603110686,settlement,35816553,processed,657447,0,EH2026031100000686,1773250200,2026-03-11,35,510.0
setl_EH2603120687,settlement,27327224,processed,516776,0,EH2026031200000687,1773336600,2026-03-12,38,8660.0
setl_EH2603130688,settlement,21274847,processed,404153,0,EH2026031300000688,1773423000,2026-03-13,35,7740.0
setl_EH2603150689,settlement,21339654,processed,419346,0,EH2026031500000689,1773595800,2026-03-15,33,15380.0
setl_EH2603160690,settlement,30372290,processed,586709,0,EH2026031600000690,1773682200,2026-03-16,32,16360.0
setl_EH2603170691,settlement,43940945,processed,808055,0,EH2026031700000691,1773768600,2026-03-17,64,1430.0
setl_EH2603180692,settlement,27500557,processed,528443,0,EH2026031800000692,1773855000,2026-03-18,36,13290.0
setl_EH2603190693,settlement,31481939,processed,577061,0,EH2026031900000693,1773941400,2026-03-19,36,0
setl_EH2603200694,settlement,19479850,processed,370150,0,EH2026032000000694,1774027800,2026-03-20,34,7140.0
setl_EH2603220695,settlement,28480957,processed,537043,0,EH2026032200000695,1774200600,2026-03-22,37,8180.0
setl_EH2603230696,settlement,20332305,processed,384695,0,EH2026032300000696,1774287000,2026-03-23,31,6550.0
setl_EH2603240697,settlement,60734740,processed,1113260,0,EH2026032400000697,1774373400,2026-03-24,66,0
setl_EH2603250698,settlement,28891094,processed,543906,0,EH2026032500000698,1774459800,2026-03-25,41,7820.0
setl_EH2603260699,settlement,23179811,processed,431189,0,EH2026032600000699,1774546200,2026-03-26,37,3440.0
setl_EH2603270700,settlement,21272316,processed,414684,0,EH2026032700000700,1774632600,2026-03-27,37,13510.0
setl_EH2603290701,settlement,20038567,processed,410433,0,EH2026032900000701,1774805400,2026-03-29,34,23530.0
setl_EH2603300702,settlement,22383902,processed,503097,0,EH2026033000000702,1774891800,2026-03-30,40,50630.0
setl_EH2603310703,settlement,57127668,processed,1068331,0,EH2026033100000703,1774978200,2026-03-31,77,11560.0
setl_EH2604010704,settlement,17705578,processed,361422,0,EH2026040100000704,1775064600,2026-04-01,31,20120.0
setl_EH2604020705,settlement,19863131,processed,370869,0,EH2026040200000705,1775151000,2026-04-02,31,3700.0
setl_EH2604030706,settlement,40128374,processed,740626,0,EH2026040300000706,1775237400,2026-04-03,41,2770.0
setl_EH2604050707,settlement,21730836,processed,437164,0,EH2026040500000707,1775410200,2026-04-05,41,21190.0
setl_EH2604060708,settlement,35524016,processed,681984,0,EH2026040600000708,1775496600,2026-04-06,44,16820.0
setl_EH2604070709,settlement,62352123,processed,1152877,0,EH2026040700000709,1775583000,2026-04-07,91,5440.0
setl_EH2604080710,settlement,25777698,processed,481302,0,EH2026040800000710,1775669400,2026-04-08,37,4800.0
setl_EH2604090711,settlement,31422561,processed,604439,0,EH2026040900000711,1775755800,2026-04-09,39,15530.0
setl_EH2604100712,settlement,24166093,processed,478907,0,EH2026041000000712,1775842200,2026-04-10,27,19610.0
setl_EH2604120713,settlement,31612176,processed,596824,0,EH2026041200000713,1776015000,2026-04-12,35,9480.0
setl_EH2604130714,settlement,35749215,processed,690785,0,EH2026041300000714,1776101400,2026-04-13,41,19370.0
setl_EH2604140715,settlement,64006955,processed,1194045,0,EH2026041400000715,1776187800,2026-04-14,91,11350.0
setl_EH2604150716,settlement,18049016,processed,348984,0,EH2026041500000716,1776274200,2026-04-15,35,9900.0
setl_EH2604160717,settlement,24039362,processed,440638,0,EH2026041600000717,1776360600,2026-04-16,34,0
setl_EH2604170718,settlement,28367784,processed,527216,0,EH2026041700000718,1776447000,2026-04-17,47,3950.0
setl_EH2604190719,settlement,21032255,processed,395745,0,EH2026041900000719,1776619800,2026-04-19,36,5580.0
setl_EH2604200720,settlement,19489228,processed,362772,0,EH2026042000000720,1776706200,2026-04-20,34,3020.0
setl_EH2604210721,settlement,52205378,processed,960621,0,EH2026042100000721,1776792600,2026-04-21,79,2020.0
setl_EH2604220722,settlement,35561346,processed,690654,0,EH2026042200000722,1776879000,2026-04-22,50,21180.0
setl_EH2604230723,settlement,16730112,processed,345888,0,EH2026042300000723,1776965400,2026-04-23,35,21400.0
setl_EH2604240724,settlement,24774120,processed,556880,0,EH2026042400000724,1777051800,2026-04-24,46,56070.0
setl_EH2604260725,settlement,32686614,processed,604386,0,EH2026042600000725,1777224600,2026-04-26,42,2860.0
setl_EH2604270726,settlement,31205678,processed,578321,0,EH2026042700000726,1777311000,2026-04-27,39,3450.0
setl_EH2604280727,settlement,49872896,processed,929104,0,EH2026042800000727,1777397400,2026-04-28,82,8150.0
setl_EH2604290728,settlement,29487200,processed,548800,0,EH2026042900000728,1777483800,2026-04-29,41,4530.0
setl_EH2604300729,settlement,49458379,processed,917620,0,EH2026043000000729,1777570200,2026-04-30,53,6030.0
setl_EH2605010730,settlement,34422161,processed,634839,0,EH2026050100000730,1777656600,2026-05-01,40,2120.0
setl_EH2605060731,settlement,5374920,processed,130820,0,EH2026050600000731,1778088600,2026-05-06,41,1820.0
setl_EH2605070732,settlement,11888403,processed,280693,0,EH2026050700000732,1778175000,2026-05-07,61,350.0
setl_EH2605080733,settlement,13345698,processed,339977,0,EH2026050800000733,1778261400,2026-05-08,56,10960.0
setl_EH2605100734,settlement,11981454,processed,292404,0,EH2026051000000734,1778434200,2026-05-10,47,4393.59
setl_EH2605110735,settlement,8807545,processed,208352,0,EH2026051100000735,1778520600,2026-05-11,55,430.0
setl_EH2605120736,settlement,22906405,processed,540276,0,EH2026051200000736,1778607000,2026-05-12,110,440.0
setl_EH2605130737,settlement,10619018,processed,256585,0,EH2026051300000737,1778693400,2026-05-13,55,2803.51
setl_EH2605140738,settlement,10409899,processed,251094,0,EH2026051400000738,1778779800,2026-05-14,55,2566.25
setl_EH2605150739,settlement,8864632,processed,212949,0,EH2026051500000739,1778866200,2026-05-15,52,1810.0
setl_EH2605170740,settlement,9586791,processed,237840,0,EH2026051700000740,1779039000,2026-05-17,45,5163.610000000001
setl_EH2605180741,settlement,7483796,processed,187571,0,EH2026051800000741,1779125400,2026-05-18,56,4839.29
setl_EH2605190742,settlement,25332025,processed,612632,0,EH2026051900000742,1779211800,2026-05-19,123,6919.88
setl_EH2605200743,settlement,6267950,processed,171492,0,EH2026052000000743,1779298200,2026-05-20,49,10168.4
setl_EH2605210744,settlement,8347086,processed,210341,0,EH2026052100000744,1779384600,2026-05-21,46,5880.42
setl_EH2605220745,settlement,8910533,processed,236364,0,EH2026052200000745,1779471000,2026-05-22,47,11299.39
setl_EH2605240746,settlement,6053862,processed,153492,0,EH2026052400000746,1779643800,2026-05-24,43,4661.71
setl_EH2605250747,settlement,13769329,processed,324149,0,EH2026052500000747,1779730200,2026-05-25,61,0
setl_EH2605260748,settlement,14266128,processed,339730,0,EH2026052600000748,1779816600,2026-05-26,84,1650.0
setl_EH2605270749,settlement,9591089,processed,236394,0,EH2026052700000749,1779903000,2026-05-27,55,4508.96
setl_EH2605280750,settlement,12151005,processed,345915,0,EH2026052800000750,1779989400,2026-05-28,62,25429.25
setl_EH2605290751,settlement,6641067,processed,157866,0,EH2026052900000751,1780075800,2026-05-29,45,650.0
setl_EH2606020752,settlement,22057325,processed,422675,0,EH2026060200000752,1780421400,2026-06-02,35,10020.0
setl_EH2606030753,settlement,26218692,processed,482308,0,EH2026060300000753,1780507800,2026-06-03,32,940.0
setl_EH2606040754,settlement,31957021,processed,602473,0,EH2026060400000754,1780594200,2026-06-04,34,9115.05
setl_EH2606050755,settlement,11846831,processed,310624,0,EH2026060500000755,1780680600,2026-06-05,33,50995.45
setl_EH2606070756,settlement,32470756,processed,601991,0,EH2026060700000756,1780853400,2026-06-07,36,3712.53
setl_EH2606080757,settlement,24506210,processed,452789,0,EH2026060800000757,1780939800,2026-06-08,39,1960.0
setl_EH2606090758,settlement,53017615,processed,973385,0,EH2026060900000758,1781026200,2026-06-09,70,860.0
setl_EH2606100759,settlement,38606352,processed,707648,0,EH2026061000000759,1781112600,2026-06-10,44,0
setl_EH2606110760,settlement,20852475,processed,390525,0,EH2026061100000760,1781199000,2026-06-11,40,4530.0
setl_EH2606120761,settlement,25612902,processed,494097,0,EH2026061200000761,1781285400,2026-06-12,33,13430.0
setl_EH2606140762,settlement,44180412,processed,812588,0,EH2026061400000762,1781458200,2026-06-14,47,1510.0
setl_EH2606150763,settlement,19810742,processed,399258,0,EH2026061500000763,1781544600,2026-06-15,36,19710.0
setl_EH2606160764,settlement,73718746,processed,1351254,0,EH2026061600000764,1781631000,2026-06-16,78,0
setl_EH2606170765,settlement,37123000,processed,682000,0,EH2026061700000765,1781717400,2026-06-17,43,840.0
setl_EH2606180766,settlement,26176476,processed,484524,0,EH2026061800000766,1781803800,2026-06-18,35,2570.0
setl_EH2606190767,settlement,16729079,processed,320920,0,EH2026061900000767,1781890200,2026-06-19,28,7790.0
setl_EH2606210768,settlement,30857044,processed,608956,0,EH2026062100000768,1782063000,2026-06-21,32,23650.0
setl_EH2606220769,settlement,24906421,processed,482579,0,EH2026062200000769,1782149400,2026-06-22,37,14210.0
setl_EH2606230770,settlement,61000781,processed,1137218,0,EH2026062300000770,1782235800,2026-06-23,71,10410.0
setl_EH2606240771,settlement,32010256,processed,586744,0,EH2026062400000771,1782322200,2026-06-24,42,0
setl_EH2606250772,settlement,40677902,processed,775098,0,EH2026062500000772,1782408600,2026-06-25,41,16080.0
setl_EH2606260773,settlement,24680052,processed,463947,0,EH2026062600000773,1782495000,2026-06-26,32,6310.0
setl_EH2606280774,settlement,28106521,processed,519479,0,EH2026062800000774,1782667800,2026-06-28,39,2340.0
setl_EH2606290775,settlement,26696745,processed,534255,0,EH2026062900000775,1782754200,2026-06-29,36,24500.0
setl_EH2606300776,settlement,55946102,processed,1051898,0,EH2026063000000776,1782840600,2026-06-30,82,14410.0
setl_EH2607010777,settlement,33792198,processed,636802,0,EH2026070100000777,1782927000,2026-07-01,44,9490.0
setl_EH2607020778,settlement,25545311,processed,480689,0,EH2026070200000778,1783013400,2026-07-02,29,6790.0
setl_EH2607030779,settlement,22748924,processed,426076,0,EH2026070300000779,1783099800,2026-07-03,32,4960.0
setl_EH2607050780,settlement,27652150,processed,525850,0,EH2026070500000780,1783272600,2026-07-05,39,10360.0
setl_EH2607060781,settlement,31511576,processed,607424,0,EH2026070600000781,1783359000,2026-07-06,46,16270.0
setl_EH2607070782,settlement,61475512,processed,1146488,0,EH2026070700000782,1783445400,2026-07-07,71,10720.0
setl_EH2607080783,settlement,33154049,processed,621951,0,EH2026070800000783,1783531800,2026-07-08,44,7770.0
setl_EH2607090784,settlement,19466629,processed,373371,0,EH2026070900000784,1783618200,2026-07-09,34,9030.0
setl_EH2607100785,settlement,29308450,processed,546550,0,EH2026071000000785,1783704600,2026-07-10,38,5090.0
setl_EH2607120786,settlement,18957472,processed,370528,0,EH2026071200000786,1783877400,2026-07-12,26,12570.0
setl_EH2607130787,settlement,32138326,processed,595674,0,EH2026071300000787,1783963800,2026-07-13,45,3590.0
setl_EH2607140788,settlement,65073875,processed,1195125,0,EH2026071400000788,1784050200,2026-07-14,68,1270.0
setl_EH2607150789,settlement,39258765,processed,734235,0,EH2026071500000789,1784136600,2026-07-15,46,7980.0
setl_EH2607160790,settlement,21335258,processed,410742,0,EH2026071600000790,1784223000,2026-07-16,33,10730.0
setl_EH2607170791,settlement,34747222,processed,667778,0,EH2026071700000791,1784309400,2026-07-17,37,16840.0
setl_EH2607190792,settlement,24346382,processed,460618,0,EH2026071900000792,1784482200,2026-07-19,31,7830.0
setl_EH2607200793,settlement,24882543,processed,478457,0,EH2026072000000793,1784568600,2026-07-20,38,12200.0
setl_EH2607210794,settlement,54527602,processed,1007398,0,EH2026072100000794,1784655000,2026-07-21,86,4320.0
setl_EH2607220795,settlement,34446913,processed,677087,0,EH2026072200000795,1784741400,2026-07-22,47,24920.0
setl_EH2607230796,settlement,22245916,processed,411084,0,EH2026072300000796,1784827800,2026-07-23,34,1810.0
setl_EH2607240797,settlement,33831934,processed,670066,0,EH2026072400000797,1784914200,2026-07-24,38,27240.0
setl_EH2607260798,settlement,23427578,processed,429422,0,EH2026072600000798,1785087000,2026-07-26,40,0
setl_EH2607270799,settlement,28440634,processed,555366,0,EH2026072700000799,1785173400,2026-07-27,40,18580.0
setl_EH2607280800,settlement,34223638,processed,637362,0,EH2026072800000800,1785259800,2026-07-28,58,5480.0
setl_EH2607290801,settlement,20644058,processed,388942,0,EH2026072900000801,1785346200,2026-07-29,33,5750.0
setl_EH2607300802,settlement,25997218,processed,512782,0,EH2026073000000802,1785432600,2026-07-30,41,19780.0
setl_EH2607310803,settlement,29275508,processed,541492,0,EH2026073100000803,1785519000,2026-07-31,37,2660.0
setl_EH2608020804,settlement,29186098,processed,545902,0,EH2026080200000804,1785691800,2026-08-02,40,5960.0
setl_EH2608030805,settlement,21087842,processed,459158,0,EH2026080300000805,1785778200,2026-08-03,40,39620.0
setl_EH2608040806,settlement,50044369,processed,941631,0,EH2026080400000806,1785864600,2026-08-04,71,13270.0
setl_EH2608050807,settlement,35823215,processed,670785,0,EH2026080500000807,1785951000,2026-08-05,51,7720.0
setl_EH2608060808,settlement,24484636,processed,462364,0,EH2026080600000808,1786037400,2026-08-06,30,7400.0
setl_EH2608070809,settlement,28921344,processed,557656,0,EH2026080700000809,1786123800,2026-08-07,40,15020.0
setl_EH2608090810,settlement,27430756,processed,539244,0,EH2026080900000810,1786296600,2026-08-09,48,19880.0
setl_EH2608100811,settlement,30908021,processed,586978,0,EH2026081000000811,1786383000,2026-08-10,37,11150.0
setl_EH2608110812,settlement,46159975,processed,865025,0,EH2026081100000812,1786469400,2026-08-11,71,10320.0
setl_EH2608120813,settlement,25230528,processed,462472,0,EH2026081200000813,1786555800,2026-08-12,35,0
setl_EH2608130814,settlement,22324369,processed,448631,0,EH2026081300000814,1786642200,2026-08-13,40,21510.0
setl_EH2608140815,settlement,24277794,processed,469206,0,EH2026081400000815,1786728600,2026-08-14,34,13200.0
setl_EH2608160816,settlement,44765484,processed,830516,0,EH2026081600000816,1786901400,2026-08-16,53,5440.0
setl_EH2608170817,settlement,33301013,processed,648987,0,EH2026081700000817,1786987800,2026-08-17,42,21050.0
setl_EH2608180818,settlement,53859373,processed,1015627,0,EH2026081800000818,1787074200,2026-08-18,76,15490.0
setl_EH2608190819,settlement,30780911,processed,576089,0,EH2026081900000819,1787160600,2026-08-19,44,6480.0
setl_EH2608200820,settlement,20228212,processed,409788,0,EH2026082000000820,1787247000,2026-08-20,35,21280.0
setl_EH2608210821,settlement,15577171,processed,309829,0,EH2026082100000821,1787333400,2026-08-21,38,13260.0
setl_EH2608230822,settlement,16612357,processed,319643,0,EH2026082300000822,1787506200,2026-08-23,33,8260.0
setl_EH2608240823,settlement,30693992,processed,582008,0,EH2026082400000823,1787592600,2026-08-24,39,10580.0
setl_EH2608250824,settlement,54884762,processed,1029237,0,EH2026082500000824,1787679000,2026-08-25,56,12660.0
setl_EH2608260825,settlement,27513821,processed,542178,0,EH2026082600000825,1787765400,2026-08-26,39,20650.0
setl_EH2608270826,settlement,16622218,processed,314782,0,EH2026082700000826,1787851800,2026-08-27,27,5510.0
setl_EH2608280827,settlement,38646364,processed,723636,0,EH2026082800000827,1787938200,2026-08-28,40,8320.0
setl_EH2608300828,settlement,21997400,processed,433600,0,EH2026083000000828,1788111000,2026-08-30,38,16580.0
setl_EH2608310829,settlement,37790038,processed,710962,0,EH2026083100000829,1788197400,2026-08-31,39,9970.0
setl_EH2609010830,settlement,62116729,processed,1155271,0,EH2026090100000830,1788283800,2026-09-01,88,9100.0
